x,y,z
1.000000e+02,0.000000e+00,1.000000e+02
1.000060e+02,4.975894e-02,9.999398e+01
1.000240e+02,9.807670e-02,9.997592e+01
1.000536e+02,1.435328e-01,9.994583e+01
1.000945e+02,1.847478e-01,9.990370e+01
1.001460e+02,2.204033e-01,9.984955e+01
1.002075e+02,2.492604e-01,9.978338e+01
1.002780e+02,2.701782e-01,9.970519e+01
1.003565e+02,2.821295e-01,9.961500e+01
1.004420e+02,2.842158e-01,9.951282e+01
1.005331e+02,2.756804e-01,9.939865e+01
1.006285e+02,2.559190e-01,9.927252e+01
1.007269e+02,2.244885e-01,9.913444e+01
1.008269e+02,1.811132e-01,9.898443e+01
1.009271e+02,1.256891e-01,9.882249e+01
1.010258e+02,5.828485e-02,9.864866e+01
1.011219e+02,-2.085858e-02,9.846296e+01
1.012138e+02,-1.113319e-01,9.826540e+01
1.013003e+02,-2.125630e-01,9.805601e+01
1.013801e+02,-3.238255e-01,9.783481e+01
1.014520e+02,-4.442489e-01,9.760184e+01
1.015150e+02,-5.728313e-01,9.735712e+01
1.015682e+02,-7.084535e-01,9.710068e+01
1.016108e+02,-8.498953e-01,9.683254e+01
1.016423e+02,-9.958531e-01,9.655275e+01
1.016621e+02,-1.144958e+00,9.626134e+01
1.016699e+02,-1.295797e+00,9.595833e+01
1.016657e+02,-1.446930e+00,9.564378e+01
1.016494e+02,-1.596916e+00,9.531771e+01
1.016214e+02,-1.744327e+00,9.498016e+01
1.015819e+02,-1.887775e+00,9.463118e+01
1.015316e+02,-2.025926e+00,9.427081e+01
1.014711e+02,-2.157524e+00,9.389908e+01
1.014014e+02,-2.281407e+00,9.351606e+01
1.013234e+02,-2.396522e+00,9.312177e+01
1.012382e+02,-2.501945e+00,9.271628e+01
1.011470e+02,-2.596888e+00,9.229962e+01
1.010511e+02,-2.680716e+00,9.187185e+01
1.009520e+02,-2.752950e+00,9.143302e+01
1.008509e+02,-2.813282e+00,9.098318e+01
1.007493e+02,-2.861571e+00,9.052239e+01
1.006488e+02,-2.897852e+00,9.005070e+01
1.005506e+02,-2.922329e+00,8.956817e+01
1.004562e+02,-2.935379e+00,8.907486e+01
1.003670e+02,-2.937541e+00,8.857082e+01
1.002842e+02,-2.929509e+00,8.805612e+01
1.002089e+02,-2.912127e+00,8.753082e+01
1.001423e+02,-2.886370e+00,8.699499e+01
1.000853e+02,-2.853336e+00,8.644867e+01
1.000386e+02,-2.814223e+00,8.589196e+01
1.000030e+02,-2.770322e+00,8.532490e+01
9.997889e+01,-2.722988e+00,8.474757e+01
9.996664e+01,-2.673628e+00,8.416003e+01
9.996641e+01,-2.623677e+00,8.356236e+01
9.997817e+01,-2.574579e+00,8.295464e+01
1.000017e+02,-2.527764e+00,8.233693e+01
1.000367e+02,-2.484633e+00,8.170930e+01
1.000827e+02,-2.446530e+00,8.107184e+01
1.001389e+02,-2.414729e+00,8.042462e+01
1.002045e+02,-2.390412e+00,7.976771e+01
1.002785e+02,-2.374657e+00,7.910120e+01
1.003599e+02,-2.368415e+00,7.842517e+01
1.004475e+02,-2.372503e+00,7.773970e+01
1.005400e+02,-2.387588e+00,7.704487e+01
1.006361e+02,-2.414180e+00,7.634076e+01
1.007343e+02,-2.452624e+00,7.562746e+01
1.008332e+02,-2.503094e+00,7.490506e+01
1.009314e+02,-2.565593e+00,7.417364e+01
1.010274e+02,-2.639950e+00,7.343329e+01
1.011198e+02,-2.725823e+00,7.268410e+01
1.012073e+02,-2.822706e+00,7.192616e+01
1.012887e+02,-2.929936e+00,7.115956e+01
1.013626e+02,-3.046697e+00,7.038440e+01
1.014280e+02,-3.172042e+00,6.960076e+01
1.014840e+02,-3.304897e+00,6.880874e+01
1.015297e+02,-3.444080e+00,6.800844e+01
1.015645e+02,-3.588321e+00,6.719994e+01
1.015877e+02,-3.736274e+00,6.638336e+01
1.015992e+02,-3.886543e+00,6.555879e+01
1.015985e+02,-4.037695e+00,6.472633e+01
1.015858e+02,-4.188288e+00,6.388607e+01
1.015612e+02,-4.336886e+00,6.303812e+01
1.015250e+02,-4.482081e+00,6.218258e+01
1.014778e+02,-4.622516e+00,6.131956e+01
1.014200e+02,-4.756901e+00,6.044915e+01
1.013527e+02,-4.884033e+00,5.957147e+01
1.012766e+02,-5.002813e+00,5.868662e+01
1.011928e+02,-5.112261e+00,5.779470e+01
1.011026e+02,-5.211533e+00,5.689582e+01
1.010072e+02,-5.299930e+00,5.599009e+01
1.009078e+02,-5.376908e+00,5.507762e+01
1.008060e+02,-5.442090e+00,5.415852e+01
1.007032e+02,-5.495264e+00,5.323290e+01
1.006007e+02,-5.536395e+00,5.230088e+01
1.005000e+02,-5.565617e+00,5.136255e+01
1.004026e+02,-5.583237e+00,5.041805e+01
1.003098e+02,-5.589728e+00,4.946747e+01
1.002229e+02,-5.585723e+00,4.851094e+01
1.001431e+02,-5.572005e+00,4.754856e+01
1.000715e+02,-5.549498e+00,4.658046e+01
1.000091e+02,-5.519250e+00,4.560676e+01
9.995676e+01,-5.482422e+00,4.462756e+01
9.991522e+01,-5.440267e+00,4.364300e+01
9.988503e+01,-5.394118e+00,4.265317e+01
9.986658e+01,-5.345363e+00,4.165822e+01
9.986010e+01,-5.295427e+00,4.065824e+01
9.986564e+01,-5.245753e+00,3.965338e+01
9.988308e+01,-5.197780e+00,3.864373e+01
9.991213e+01,-5.152922e+00,3.762944e+01
9.995235e+01,-5.112550e+00,3.661062e+01
1.000031e+02,-5.077968e+00,3.558739e+01
1.000636e+02,-5.050400e+00,3.455987e+01
1.001330e+02,-5.030965e+00,3.352819e+01
1.002102e+02,-5.020670e+00,3.249248e+01
1.002941e+02,-5.020387e+00,3.145286e+01
1.003835e+02,-5.030846e+00,3.040945e+01
1.004769e+02,-5.052623e+00,2.936238e+01
1.005730e+02,-5.086130e+00,2.831177e+01
1.006705e+02,-5.131613e+00,2.725775e+01
1.007678e+02,-5.189144e+00,2.620046e+01
1.008636e+02,-5.258622e+00,2.514001e+01
1.009563e+02,-5.339776e+00,2.407653e+01
1.010447e+02,-5.432166e+00,2.301015e+01
1.011273e+02,-5.535191e+00,2.194101e+01
1.012031e+02,-5.648098e+00,2.086922e+01
1.012708e+02,-5.769991e+00,1.979492e+01
1.013294e+02,-5.899846e+00,1.871823e+01
1.013781e+02,-6.036524e+00,1.763930e+01
1.014161e+02,-6.178788e+00,1.655824e+01
1.014428e+02,-6.325321e+00,1.547518e+01
1.014577e+02,-6.474745e+00,1.439027e+01
1.014607e+02,-6.625641e+00,1.330362e+01
1.014516e+02,-6.776566e+00,1.221537e+01
1.014305e+02,-6.926081e+00,1.112565e+01
1.013977e+02,-7.072763e+00,1.003458e+01
1.013535e+02,-7.215232e+00,8.942316e+00
1.012986e+02,-7.352168e+00,7.848970e+00
1.012338e+02,-7.482330e+00,6.754680e+00
1.011598e+02,-7.604575e+00,5.659577e+00
1.010777e+02,-7.717873e+00,4.563792e+00
1.009887e+02,-7.821322e+00,3.467457e+00
1.008939e+02,-7.914163e+00,2.370706e+00
1.007946e+02,-7.995788e+00,1.273668e+00
1.006924e+02,-8.065749e+00,1.764778e-01
1.005884e+02,-8.123768e+00,-9.207339e-01
1.004843e+02,-8.169737e+00,-2.017835e+00
1.003814e+02,-8.203720e+00,-3.114693e+00
1.002811e+02,-8.225955e+00,-4.211176e+00
1.001850e+02,-8.236847e+00,-5.307152e+00
1.000941e+02,-8.236965e+00,-6.402489e+00
1.000099e+02,-8.227032e+00,-7.497055e+00
9.993352e+01,-8.207915e+00,-8.590719e+00
9.986593e+01,-8.180614e+00,-9.683349e+00
9.980807e+01,-8.146245e+00,-1.077481e+01
9.976072e+01,-8.106026e+00,-1.186498e+01
9.972451e+01,-8.061259e+00,-1.295372e+01
9.969989e+01,-8.013313e+00,-1.404090e+01
9.968717e+01,-7.963598e+00,-1.512638e+01
9.968647e+01,-7.913555e+00,-1.621005e+01
9.969774e+01,-7.864625e+00,-1.729177e+01
9.972076e+01,-7.818237e+00,-1.837140e+01
9.975515e+01,-7.775779e+00,-1.944882e+01
9.980035e+01,-7.738587e+00,-2.052390e+01
9.985565e+01,-7.707919e+00,-2.159651e+01
9.992021e+01,-7.684939e+00,-2.266652e+01
9.999303e+01,-7.670702e+00,-2.373381e+01
1.000730e+02,-7.666136e+00,-2.479823e+01
1.001589e+02,-7.672031e+00,-2.585967e+01
1.002495e+02,-7.689027e+00,-2.691799e+01
1.003434e+02,-7.717605e+00,-2.797308e+01
1.004392e+02,-7.758078e+00,-2.902480e+01
1.005354e+02,-7.810589e+00,-3.007302e+01
1.006306e+02,-7.875109e+00,-3.111762e+01
1.007234e+02,-7.951435e+00,-3.215848e+01
1.008124e+02,-8.039197e+00,-3.319546e+01
1.008962e+02,-8.137857e+00,-3.422845e+01
1.009736e+02,-8.246725e+00,-3.525732e+01
1.010434e+02,-8.364961e+00,-3.628194e+01
1.011046e+02,-8.491591e+00,-3.730219e+01
1.011561e+02,-8.625522e+00,-3.831796e+01
1.011972e+02,-8.765555e+00,-3.932911e+01
1.012272e+02,-8.910403e+00,-4.033553e+01
1.012457e+02,-9.058711e+00,-4.133709e+01
1.012523e+02,-9.209074e+00,-4.233367e+01
1.012468e+02,-9.360057e+00,-4.332516e+01
1.012292e+02,-9.510215e+00,-4.431143e+01
1.011998e+02,-9.658118e+00,-4.529237e+01
1.011589e+02,-9.802366e+00,-4.626785e+01
1.011070e+02,-9.941611e+00,-4.723776e+01
1.010448e+02,-1.007458e+01,-4.820199e+01
1.009731e+02,-1.020008e+01,-4.916041e+01
1.008929e+02,-1.031704e+01,-5.011292e+01
1.008052e+02,-1.042451e+01,-5.105939e+01
1.007113e+02,-1.052166e+01,-5.199972e+01
1.006124e+02,-1.060782e+01,-5.293378e+01
1.005098e+02,-1.068248e+01,-5.386148e+01
1.004051e+02,-1.074529e+01,-5.478268e+01
1.002995e+02,-1.079607e+01,-5.569730e+01
1.001946e+02,-1.083482e+01,-5.660521e+01
1.000918e+02,-1.086171e+01,-5.750630e+01
9.999245e+01,-1.087706e+01,-5.840047e+01
9.989795e+01,-1.088139e+01,-5.928761e+01
9.980958e+01,-1.087535e+01,-6.016761e+01
9.972853e+01,-1.085976e+01,-6.104037e+01
9.965588e+01,-1.083556e+01,-6.190578e+01
9.959261e+01,-1.080381e+01,-6.276373e+01
9.953955e+01,-1.076571e+01,-6.361414e+01
9.949740e+01,-1.072252e+01,-6.445688e+01
9.946667e+01,-1.067559e+01,-6.529186e+01
9.944773e+01,-1.062630e+01,-6.611898e+01
9.944078e+01,-1.057610e+01,-6.693814e+01
9.944585e+01,-1.052641e+01,-6.774925e+01
9.946278e+01,-1.047869e+01,-6.855220e+01
9.949125e+01,-1.043434e+01,-6.934689e+01
9.953078e+01,-1.039471e+01,-7.013324e+01
9.958073e+01,-1.036111e+01,-7.091114e+01
9.964029e+01,-1.033472e+01,-7.168050e+01
9.970853e+01,-1.031666e+01,-7.244124e+01
9.978440e+01,-1.030791e+01,-7.319325e+01
9.986672e+01,-1.030932e+01,-7.393646e+01
9.995424e+01,-1.032158e+01,-7.467076e+01
1.000456e+02,-1.034524e+01,-7.539607e+01
1.001395e+02,-1.038070e+01,-7.611231e+01
1.002344e+02,-1.042815e+01,-7.681938e+01
1.003288e+02,-1.048764e+01,-7.751720e+01
1.004215e+02,-1.055904e+01,-7.820569e+01
1.005109e+02,-1.064205e+01,-7.888477e+01
1.005956e+02,-1.073620e+01,-7.955435e+01
1.006745e+02,-1.084085e+01,-8.021435e+01
1.007462e+02,-1.095523e+01,-8.086470e+01
1.008096e+02,-1.107842e+01,-8.150531e+01
1.008639e+02,-1.120937e+01,-8.213611e+01
1.009080e+02,-1.134692e+01,-8.275702e+01
1.009413e+02,-1.148983e+01,-8.336797e+01
1.009632e+02,-1.163675e+01,-8.396888e+01
1.009734e+02,-1.178630e+01,-8.455968e+01
1.009715e+02,-1.193707e+01,-8.514030e+01
1.009575e+02,-1.208760e+01,-8.571067e+01
1.009316e+02,-1.223645e+01,-8.627072e+01
1.008940e+02,-1.238222e+01,-8.682039e+01
1.008452e+02,-1.252353e+01,-8.735960e+01
1.007858e+02,-1.265906e+01,-8.788830e+01
1.007166e+02,-1.278761e+01,-8.840642e+01
1.006384e+02,-1.290804e+01,-8.891389e+01
1.005523e+02,-1.301935e+01,-8.941066e+01
1.004594e+02,-1.312067e+01,-8.989666e+01
1.003611e+02,-1.321124e+01,-9.037185e+01
1.002585e+02,-1.329051e+01,-9.083615e+01
1.001532e+02,-1.335805e+01,-9.128951e+01
1.000465e+02,-1.341361e+01,-9.173189e+01
9.993980e+01,-1.345712e+01,-9.216322e+01
9.983463e+01,-1.348868e+01,-9.258346e+01
9.973238e+01,-1.350854e+01,-9.299255e+01
9.963442e+01,-1.351715e+01,-9.339045e+01
9.954207e+01,-1.351511e+01,-9.377710e+01
9.945656e+01,-1.350317e+01,-9.415247e+01
9.937903e+01,-1.348221e+01,-9.451650e+01
9.931049e+01,-1.345326e+01,-9.486915e+01
9.925185e+01,-1.341746e+01,-9.521037e+01
9.920384e+01,-1.337603e+01,-9.554014e+01
9.916706e+01,-1.333031e+01,-9.585840e+01
9.914194e+01,-1.328165e+01,-9.616513e+01
9.912876e+01,-1.323149e+01,-9.646028e+01
9.912760e+01,-1.318126e+01,-9.674381e+01
9.913839e+01,-1.313241e+01,-9.701570e+01
9.916087e+01,-1.308635e+01,-9.727590e+01
9.919462e+01,-1.304447e+01,-9.752440e+01
9.923907e+01,-1.300810e+01,-9.776116e+01
9.929349e+01,-1.297846e+01,-9.798614e+01
9.935698e+01,-1.295671e+01,-9.819933e+01
9.942854e+01,-1.294388e+01,-9.840070e+01
9.950705e+01,-1.294088e+01,-9.859022e+01
9.959129e+01,-1.294846e+01,-9.876787e+01
9.967993e+01,-1.296724e+01,-9.893363e+01
9.977162e+01,-1.299768e+01,-9.908749e+01
9.986493e+01,-1.304004e+01,-9.922941e+01
9.995843e+01,-1.309445e+01,-9.935938e+01
1.000507e+02,-1.316085e+01,-9.947740e+01
1.001402e+02,-1.323899e+01,-9.958344e+01
1.002257e+02,-1.332848e+01,-9.967749e+01
1.003058e+02,-1.342876e+01,-9.975953e+01
1.003793e+02,-1.353910e+01,-9.982957e+01
1.004449e+02,-1.365863e+01,-9.988760e+01
1.005017e+02,-1.378637e+01,-9.993359e+01
1.005487e+02,-1.392120e+01,-9.996756e+01
1.005852e+02,-1.406190e+01,-9.998949e+01
1.006105e+02,-1.420717e+01,-9.999938e+01
1.006242e+02,-1.435565e+01,-9.999723e+01
1.006259e+02,-1.450592e+01,-9.998304e+01
1.006156e+02,-1.465654e+01,-9.995682e+01
1.005932e+02,-1.480608e+01,-9.991857e+01
1.005590e+02,-1.495310e+01,-9.986828e+01
1.005134e+02,-1.509621e+01,-9.980597e+01
1.004570e+02,-1.523409e+01,-9.973165e+01
1.003903e+02,-1.536546e+01,-9.964532e+01
1.003143e+02,-1.548915e+01,-9.954699e+01
1.002300e+02,-1.560413e+01,-9.943668e+01
1.001385e+02,-1.570944e+01,-9.931440e+01
1.000409e+02,-1.580431e+01,-9.918016e+01
9.993859e+01,-1.588808e+01,-9.903398e+01
9.983290e+01,-1.596027e+01,-9.887588e+01
9.972524e+01,-1.602056e+01,-9.870588e+01
9.961705e+01,-1.606881e+01,-9.852399e+01
9.950977e+01,-1.610505e+01,-9.833024e+01
9.940484e+01,-1.612946e+01,-9.812466e+01
9.930364e+01,-1.614243e+01,-9.790726e+01
9.920753e+01,-1.614447e+01,-9.767807e+01
9.911776e+01,-1.613629e+01,-9.743712e+01
9.903552e+01,-1.611871e+01,-9.718445e+01
9.896187e+01,-1.609271e+01,-9.692007e+01
9.889776e+01,-1.605938e+01,-9.664402e+01
9.884401e+01,-1.601991e+01,-9.635634e+01
9.880125e+01,-1.597559e+01,-9.605706e+01
9.877001e+01,-1.592777e+01,-9.574622e+01
9.875061e+01,-1.587786e+01,-9.542385e+01
9.874322e+01,-1.582729e+01,-9.508999e+01
9.874782e+01,-1.577751e+01,-9.474468e+01
9.876424e+01,-1.572995e+01,-9.438797e+01
9.879213e+01,-1.568600e+01,-9.401990e+01
9.883098e+01,-1.564703e+01,-9.364050e+01
9.888010e+01,-1.561429e+01,-9.324983e+01
9.893867e+01,-1.558899e+01,-9.284794e+01
9.900575e+01,-1.557220e+01,-9.243487e+01
9.908024e+01,-1.556488e+01,-9.201066e+01
9.916097e+01,-1.556786e+01,-9.157539e+01
9.924666e+01,-1.558180e+01,-9.112908e+01
9.933595e+01,-1.560723e+01,-9.067181e+01
9.942746e+01,-1.564449e+01,-9.020362e+01
9.951974e+01,-1.569378e+01,-8.972457e+01
9.961135e+01,-1.575509e+01,-8.923472e+01
9.970086e+01,-1.582827e+01,-8.873413e+01
9.978686e+01,-1.591298e+01,-8.822285e+01
9.986801e+01,-1.600872e+01,-8.770096e+01
9.994300e+01,-1.611483e+01,-8.716850e+01
1.000107e+02,-1.623052e+01,-8.662555e+01
1.000699e+02,-1.635483e+01,-8.607217e+01
1.001197e+02,-1.648669e+01,-8.550843e+01
1.001592e+02,-1.662494e+01,-8.493440e+01
1.001879e+02,-1.676829e+01,-8.435014e+01
1.002050e+02,-1.691542e+01,-8.375572e+01
1.002103e+02,-1.706492e+01,-8.315123e+01
1.002036e+02,-1.721536e+01,-8.253672e+01
1.001848e+02,-1.736531e+01,-8.191227e+01
1.001541e+02,-1.751332e+01,-8.127797e+01
1.001118e+02,-1.765798e+01,-8.063387e+01
1.000584e+02,-1.779794e+01,-7.998008e+01
9.999451e+01,-1.793191e+01,-7.931665e+01
9.992092e+01,-1.805866e+01,-7.864367e+01
9.983858e+01,-1.817711e+01,-7.796123e+01
9.974853e+01,-1.828626e+01,-7.726940e+01
9.965195e+01,-1.838527e+01,-7.656827e+01
9.955010e+01,-1.847343e+01,-7.585792e+01
9.944431e+01,-1.855018e+01,-7.513843e+01
9.933597e+01,-1.861515e+01,-7.440990e+01
9.922651e+01,-1.866811e+01,-7.367242e+01
9.911737e+01,-1.870903e+01,-7.292606e+01
9.900999e+01,-1.873802e+01,-7.217093e+01
9.890579e+01,-1.875539e+01,-7.140710e+01
9.880612e+01,-1.876161e+01,-7.063468e+01
9.871230e+01,-1.875729e+01,-6.985376e+01
9.862553e+01,-1.874322e+01,-6.906442e+01
9.854694e+01,-1.872032e+01,-6.826677e+01
9.847751e+01,-1.868962e+01,-6.746091e+01
9.841812e+01,-1.865228e+01,-6.664692e+01
9.836949e+01,-1.860956e+01,-6.582491e+01
9.833218e+01,-1.856278e+01,-6.499497e+01
9.830659e+01,-1.851333e+01,-6.415721e+01
9.829297e+01,-1.846263e+01,-6.331172e+01
9.829136e+01,-1.841213e+01,-6.245862e+01
9.830168e+01,-1.836326e+01,-6.159799e+01
9.832362e+01,-1.831744e+01,-6.072995e+01
9.835674e+01,-1.827604e+01,-5.985459e+01
9.840044e+01,-1.824038e+01,-5.897203e+01
9.845395e+01,-1.821167e+01,-5.808237e+01
9.851636e+01,-1.819105e+01,-5.718572e+01
9.858665e+01,-1.817952e+01,-5.628219e+01
9.866367e+01,-1.817796e+01,-5.537187e+01
9.874617e+01,-1.818712e+01,-5.445490e+01
9.883285e+01,-1.820756e+01,-5.353136e+01
9.892231e+01,-1.823972e+01,-5.260138e+01
9.901313e+01,-1.828384e+01,-5.166507e+01
9.910388e+01,-1.834001e+01,-5.072254e+01
9.919311e+01,-1.840813e+01,-4.977391e+01
9.927941e+01,-1.848794e+01,-4.881928e+01
9.936138e+01,-1.857901e+01,-4.785877e+01
9.943773e+01,-1.868073e+01,-4.689250e+01
9.950721e+01,-1.879237e+01,-4.592059e+01
9.956869e+01,-1.891304e+01,-4.494314e+01
9.962114e+01,-1.904171e+01,-4.396029e+01
9.966367e+01,-1.917725e+01,-4.297215e+01
9.969553e+01,-1.931844e+01,-4.197883e+01
9.971612e+01,-1.946395e+01,-4.098046e+01
9.972501e+01,-1.961240e+01,-3.997715e+01
9.972192e+01,-1.976239e+01,-3.896903e+01
9.970675e+01,-1.991247e+01,-3.795622e+01
9.967958e+01,-2.006120e+01,-3.693884e+01
9.964066e+01,-2.020715e+01,-3.591701e+01
9.959041e+01,-2.034895e+01,-3.489086e+01
9.952939e+01,-2.048527e+01,-3.386051e+01
9.945835e+01,-2.061486e+01,-3.282608e+01
9.937815e+01,-2.073659e+01,-3.178770e+01
9.928981e+01,-2.084940e+01,-3.074550e+01
9.919445e+01,-2.095240e+01,-2.969959e+01
9.909329e+01,-2.104482e+01,-2.865011e+01
9.898763e+01,-2.112604e+01,-2.759717e+01
9.887886e+01,-2.119561e+01,-2.654092e+01
9.876837e+01,-2.125325e+01,-2.548147e+01
9.865762e+01,-2.129883e+01,-2.441895e+01
9.854804e+01,-2.133241e+01,-2.335349e+01
9.844107e+01,-2.135424e+01,-2.228522e+01
9.833808e+01,-2.136469e+01,-2.121427e+01
9.824040e+01,-2.136434e+01,-2.014077e+01
9.814930e+01,-2.135390e+01,-1.906483e+01
9.806593e+01,-2.133423e+01,-1.798661e+01
9.799134e+01,-2.130632e+01,-1.690622e+01
9.792644e+01,-2.127130e+01,-1.582379e+01
9.787203e+01,-2.123036e+01,-1.473946e+01
9.782872e+01,-2.118482e+01,-1.365335e+01
9.779700e+01,-2.113603e+01,-1.256560e+01
9.777716e+01,-2.108540e+01,-1.147634e+01
9.776934e+01,-2.103438e+01,-1.038570e+01
9.777350e+01,-2.098441e+01,-9.293801e+00
9.778943e+01,-2.093692e+01,-8.200788e+00
9.781674e+01,-2.089329e+01,-7.106787e+00
9.785489e+01,-2.085486e+01,-6.011931e+00
9.790318e+01,-2.082290e+01,-4.916351e+00
9.796077e+01,-2.079858e+01,-3.820179e+00
9.802666e+01,-2.078295e+01,-2.723547e+00
9.809977e+01,-2.077696e+01,-1.626587e+00
9.817888e+01,-2.078139e+01,-5.294313e-01
9.826271e+01,-2.079689e+01,5.677881e-01
9.834990e+01,-2.082395e+01,1.664939e+00
9.843903e+01,-2.086289e+01,2.761890e+00
9.852868e+01,-2.091387e+01,3.858508e+00
9.861740e+01,-2.097685e+01,4.954661e+00
9.870376e+01,-2.105166e+01,6.050218e+00
9.878636e+01,-2.113791e+01,7.145047e+00
9.886386e+01,-2.123509e+01,8.239015e+00
9.893499e+01,-2.134250e+01,9.331992e+00
9.899857e+01,-2.145932e+01,1.042384e+01
9.905352e+01,-2.158457e+01,1.151444e+01
9.909890e+01,-2.171718e+01,1.260366e+01
9.913390e+01,-2.185593e+01,1.369135e+01
9.915786e+01,-2.199956e+01,1.477740e+01
9.917027e+01,-2.214670e+01,1.586166e+01
9.917079e+01,-2.229596e+01,1.694402e+01
9.915926e+01,-2.244590e+01,1.802434e+01
9.913567e+01,-2.259508e+01,1.910249e+01
9.910022e+01,-2.274205e+01,2.017834e+01
9.905323e+01,-2.288543e+01,2.125175e+01
9.899523e+01,-2.302387e+01,2.232261e+01
9.892689e+01,-2.315607e+01,2.339079e+01
9.884902e+01,-2.328086e+01,2.445614e+01
9.876258e+01,-2.339715e+01,2.551856e+01
9.866864e+01,-2.350398e+01,2.657790e+01
9.856840e+01,-2.360052e+01,2.763404e+01
9.846311e+01,-2.368610e+01,2.868685e+01
9.835414e+01,-2.376019e+01,2.973621e+01
9.824288e+01,-2.382245e+01,3.078199e+01
9.813077e+01,-2.387267e+01,3.182407e+01
9.801923e+01,-2.391086e+01,3.286231e+01
9.790972e+01,-2.393716e+01,3.389660e+01
9.780364e+01,-2.395192e+01,3.492681e+01
9.770233e+01,-2.395561e+01,3.595281e+01
9.760710e+01,-2.394891e+01,3.697448e+01
9.751913e+01,-2.393261e+01,3.799170e+01
9.743953e+01,-2.390765e+01,3.900435e+01
9.736927e+01,-2.387511e+01,4.001231e+01
9.730919e+01,-2.383614e+01,4.101544e+01
9.725997e+01,-2.379203e+01,4.201364e+01
9.722217e+01,-2.374410e+01,4.300678e+01
9.719615e+01,-2.369376e+01,4.399474e+01
9.718211e+01,-2.364243e+01,4.497741e+01
9.718009e+01,-2.359156e+01,4.595466e+01
9.718994e+01,-2.354259e+01,4.692638e+01
9.721136e+01,-2.349691e+01,4.789244e+01
9.724386e+01,-2.345590e+01,4.885275e+01
9.728680e+01,-2.342086e+01,4.980717e+01
9.733940e+01,-2.339298e+01,5.075560e+01
9.740072e+01,-2.337338e+01,5.169791e+01
9.746973e+01,-2.336304e+01,5.263400e+01
9.754524e+01,-2.336282e+01,5.356376e+01
9.762600e+01,-2.337342e+01,5.448706e+01
9.771069e+01,-2.339541e+01,5.540381e+01
9.779790e+01,-2.342916e+01,5.631389e+01
9.788622e+01,-2.347491e+01,5.721719e+01
9.797419e+01,-2.353269e+01,5.811359e+01
9.806039e+01,-2.360239e+01,5.900301e+01
9.814340e+01,-2.368371e+01,5.988532e+01
9.822184e+01,-2.377619e+01,6.076042e+01
9.829443e+01,-2.387921e+01,6.162820e+01
9.835993e+01,-2.399198e+01,6.248857e+01
9.841723e+01,-2.411360e+01,6.334141e+01
9.846534e+01,-2.424303e+01,6.418663e+01
9.850338e+01,-2.437911e+01,6.502412e+01
9.853062e+01,-2.452060e+01,6.585378e+01
9.854651e+01,-2.466616e+01,6.667551e+01
9.855063e+01,-2.481442e+01,6.748922e+01
9.854274e+01,-2.496394e+01,6.829480e+01
9.852277e+01,-2.511329e+01,6.909216e+01
9.849084e+01,-2.526102e+01,6.988120e+01
9.844722e+01,-2.540572e+01,7.066183e+01
9.839236e+01,-2.554602e+01,7.143395e+01
9.832686e+01,-2.568061e+01,7.219747e+01
9.825148e+01,-2.580825e+01,7.295230e+01
9.816713e+01,-2.592782e+01,7.369835e+01
9.807482e+01,-2.603831e+01,7.443552e+01
9.797572e+01,-2.613883e+01,7.516374e+01
9.787104e+01,-2.622864e+01,7.588290e+01
9.776212e+01,-2.630716e+01,7.659293e+01
9.765033e+01,-2.637397e+01,7.729374e+01
9.753709e+01,-2.642880e+01,7.798524e+01
9.742385e+01,-2.647158e+01,7.866736e+01
9.731205e+01,-2.650239e+01,7.934000e+01
9.720311e+01,-2.652149e+01,8.000309e+01
9.709840e+01,-2.652932e+01,8.065656e+01
9.699924e+01,-2.652645e+01,8.130031e+01
9.690687e+01,-2.651364e+01,8.193427e+01
9.682243e+01,-2.649178e+01,8.255837e+01
9.674695e+01,-2.646187e+01,8.317253e+01
9.668132e+01,-2.642506e+01,8.377667e+01
9.662630e+01,-2.638256e+01,8.437073e+01
9.658249e+01,-2.633570e+01,8.495464e+01
9.655032e+01,-2.628585e+01,8.552831e+01
9.653008e+01,-2.623442e+01,8.609169e+01
9.652187e+01,-2.618286e+01,8.664471e+01
9.652560e+01,-2.613260e+01,8.718729e+01
9.654105e+01,-2.608508e+01,8.771938e+01
9.656779e+01,-2.604167e+01,8.824091e+01
9.660526e+01,-2.600371e+01,8.875181e+01
9.665273e+01,-2.597242e+01,8.925203e+01
9.670932e+01,-2.594898e+01,8.974150e+01
9.677403e+01,-2.593441e+01,9.022017e+01
9.684573e+01,-2.592962e+01,9.068798e+01
9.692322e+01,-2.593539e+01,9.114487e+01
9.700518e+01,-2.595233e+01,9.159079e+01
9.709024e+01,-2.598090e+01,9.202568e+01
9.717699e+01,-2.602139e+01,9.244949e+01
9.726399e+01,-2.607392e+01,9.286218e+01
9.734980e+01,-2.613844e+01,9.326368e+01
9.743299e+01,-2.621471e+01,9.365395e+01
9.751217e+01,-2.630236e+01,9.403295e+01
9.758602e+01,-2.640081e+01,9.440063e+01
9.765327e+01,-2.650935e+01,9.475695e+01
9.771277e+01,-2.662714e+01,9.510186e+01
9.776346e+01,-2.675316e+01,9.543531e+01
9.780442e+01,-2.688633e+01,9.575728e+01
9.783487e+01,-2.702541e+01,9.606772e+01
9.785417e+01,-2.716913e+01,9.636660e+01
9.786185e+01,-2.731611e+01,9.665387e+01
9.785760e+01,-2.746494e+01,9.692951e+01
9.784128e+01,-2.761419e+01,9.719348e+01
9.781293e+01,-2.776241e+01,9.744574e+01
9.777276e+01,-2.790817e+01,9.768628e+01
9.772115e+01,-2.805008e+01,9.791505e+01
9.765863e+01,-2.818681e+01,9.813204e+01
9.758590e+01,-2.831708e+01,9.833722e+01
9.750381e+01,-2.843973e+01,9.853055e+01
9.741334e+01,-2.855370e+01,9.871202e+01
9.731559e+01,-2.865804e+01,9.888161e+01
9.721175e+01,-2.875195e+01,9.903930e+01
9.710311e+01,-2.883480e+01,9.918506e+01
9.699104e+01,-2.890608e+01,9.931888e+01
9.687694e+01,-2.896547e+01,9.944074e+01
9.676224e+01,-2.901282e+01,9.955063e+01
9.664840e+01,-2.904815e+01,9.964854e+01
9.653683e+01,-2.907164e+01,9.973445e+01
9.642894e+01,-2.908365e+01,9.980835e+01
9.632608e+01,-2.908472e+01,9.987024e+01
9.622951e+01,-2.907552e+01,9.992011e+01
9.614041e+01,-2.905688e+01,9.995794e+01
9.605987e+01,-2.902977e+01,9.998374e+01
9.598883e+01,-2.899528e+01,9.999751e+01
9.592811e+01,-2.895459e+01,9.999923e+01
9.587837e+01,-2.890899e+01,9.998892e+01
9.584012e+01,-2.885983e+01,9.996657e+01
9.581370e+01,-2.880851e+01,9.993219e+01
9.579928e+01,-2.875646e+01,9.988577e+01
9.579687e+01,-2.870514e+01,9.982733e+01
9.580629e+01,-2.865597e+01,9.975687e+01
9.582719e+01,-2.861035e+01,9.967440e+01
9.585908e+01,-2.856963e+01,9.957993e+01
9.590127e+01,-2.853511e+01,9.947347e+01
9.595297e+01,-2.850796e+01,9.935504e+01
9.601320e+01,-2.848927e+01,9.922465e+01
9.608091e+01,-2.848002e+01,9.908231e+01
9.615491e+01,-2.848102e+01,9.892804e+01
9.623392e+01,-2.849295e+01,9.876186e+01
9.631660e+01,-2.851636e+01,9.858380e+01
9.640155e+01,-2.855158e+01,9.839386e+01
9.648735e+01,-2.859881e+01,9.819208e+01
9.657254e+01,-2.865807e+01,9.797848e+01
9.665569e+01,-2.872921e+01,9.775308e+01
9.673540e+01,-2.881189e+01,9.751591e+01
9.681030e+01,-2.890562e+01,9.726700e+01
9.687912e+01,-2.900976e+01,9.700639e+01
9.694064e+01,-2.912350e+01,9.673409e+01
9.699377e+01,-2.924591e+01,9.645015e+01
9.703754e+01,-2.937592e+01,9.615460e+01
9.707109e+01,-2.951236e+01,9.584747e+01
9.709374e+01,-2.965397e+01,9.552881e+01
9.710494e+01,-2.979940e+01,9.519864e+01
9.710432e+01,-2.994727e+01,9.485701e+01
9.709166e+01,-3.009614e+01,9.450396e+01
9.706694e+01,-3.024458e+01,9.413954e+01
9.703029e+01,-3.039113e+01,9.376378e+01
9.698202e+01,-3.053440e+01,9.337673e+01
9.692261e+01,-3.067302e+01,9.297844e+01
9.685268e+01,-3.080570e+01,9.256896e+01
9.677304e+01,-3.093122e+01,9.214833e+01
9.668459e+01,-3.104847e+01,9.171661e+01
9.658840e+01,-3.115646e+01,9.127385e+01
9.648562e+01,-3.125434e+01,9.082010e+01
9.637751e+01,-3.134139e+01,9.035542e+01
9.626540e+01,-3.141707e+01,8.987986e+01
9.615068e+01,-3.148096e+01,8.939347e+01
9.603478e+01,-3.153285e+01,8.889633e+01
9.591914e+01,-3.157269e+01,8.838848e+01
9.580519e+01,-3.160059e+01,8.787000e+01
9.569436e+01,-3.161686e+01,8.734093e+01
9.558801e+01,-3.162193e+01,8.680135e+01
9.548745e+01,-3.161645e+01,8.625132e+01
9.539389e+01,-3.160117e+01,8.569090e+01
9.530846e+01,-3.157700e+01,8.512017e+01
9.523215e+01,-3.154500e+01,8.453919e+01
9.516585e+01,-3.150630e+01,8.394804e+01
9.511028e+01,-3.146215e+01,8.334678e+01
9.506601e+01,-3.141388e+01,8.273548e+01
9.503345e+01,-3.136288e+01,8.211422e+01
9.501284e+01,-3.131056e+01,8.148308e+01
9.500426e+01,-3.125837e+01,8.084213e+01
9.500760e+01,-3.120774e+01,8.019144e+01
9.502259e+01,-3.116010e+01,7.953111e+01
9.504879e+01,-3.111683e+01,7.886119e+01
9.508559e+01,-3.107922e+01,7.818178e+01
9.513224e+01,-3.104852e+01,7.749297e+01
9.518783e+01,-3.102585e+01,7.679482e+01
9.525135e+01,-3.101223e+01,7.608742e+01
9.532166e+01,-3.100854e+01,7.537087e+01
9.539751e+01,-3.101553e+01,7.464524e+01
9.547759e+01,-3.103379e+01,7.391062e+01
9.556051e+01,-3.106374e+01,7.316711e+01
9.564487e+01,-3.110565e+01,7.241479e+01
9.572921e+01,-3.115960e+01,7.165375e+01
9.581210e+01,-3.122550e+01,7.088409e+01
9.589211e+01,-3.130310e+01,7.010589e+01
9.596788e+01,-3.139198e+01,6.931925e+01
9.603806e+01,-3.149155e+01,6.852426e+01
9.610144e+01,-3.160106e+01,6.772103e+01
9.615686e+01,-3.171964e+01,6.690964e+01
9.620329e+01,-3.184627e+01,6.609020e+01
9.623985e+01,-3.197982e+01,6.526280e+01
9.626576e+01,-3.211906e+01,6.442755e+01
9.628043e+01,-3.226268e+01,6.358454e+01
9.628341e+01,-3.240931e+01,6.273387e+01
9.627442e+01,-3.255753e+01,6.187565e+01
9.625335e+01,-3.270591e+01,6.100998e+01
9.622029e+01,-3.285299e+01,6.013697e+01
9.617545e+01,-3.299735e+01,5.925672e+01
9.611926e+01,-3.313762e+01,5.836933e+01
9.605228e+01,-3.327246e+01,5.747491e+01
9.597524e+01,-3.340063e+01,5.657358e+01
9.588901e+01,-3.352097e+01,5.566544e+01
9.579458e+01,-3.363244e+01,5.475059e+01
9.569309e+01,-3.373413e+01,5.382915e+01
9.558573e+01,-3.382526e+01,5.290124e+01
9.547383e+01,-3.390522e+01,5.196695e+01
9.535875e+01,-3.397355e+01,5.102641e+01
9.524189e+01,-3.402994e+01,5.007972e+01
9.512470e+01,-3.407428e+01,4.912701e+01
9.500863e+01,-3.410662e+01,4.816838e+01
9.489509e+01,-3.412717e+01,4.720395e+01
9.478549e+01,-3.413633e+01,4.623384e+01
9.468114e+01,-3.413465e+01,4.525816e+01
9.458331e+01,-3.412285e+01,4.427704e+01
9.449317e+01,-3.410177e+01,4.329058e+01
9.441176e+01,-3.407241e+01,4.229892e+01
9.434001e+01,-3.403587e+01,4.130216e+01
9.427871e+01,-3.399337e+01,4.030042e+01
9.422850e+01,-3.394619e+01,3.929384e+01
9.418985e+01,-3.389571e+01,3.828253e+01
9.416308e+01,-3.384332e+01,3.726660e+01
9.414833e+01,-3.379047e+01,3.624619e+01
9.414556e+01,-3.373861e+01,3.522142e+01
9.415457e+01,-3.368915e+01,3.419241e+01
9.417499e+01,-3.364349e+01,3.315928e+01
9.420627e+01,-3.360298e+01,3.212215e+01
9.424774e+01,-3.356888e+01,3.108116e+01
9.429853e+01,-3.354236e+01,3.003643e+01
9.435769e+01,-3.352449e+01,2.898809e+01
9.442410e+01,-3.351621e+01,2.793625e+01
9.449658e+01,-3.351832e+01,2.688105e+01
9.457384e+01,-3.353148e+01,2.582261e+01
9.465451e+01,-3.355617e+01,2.476107e+01
9.473720e+01,-3.359273e+01,2.369654e+01
9.482046e+01,-3.364131e+01,2.262916e+01
9.490286e+01,-3.370191e+01,2.155906e+01
9.498296e+01,-3.377433e+01,2.048636e+01
9.505937e+01,-3.385823e+01,1.941120e+01
9.513073e+01,-3.395306e+01,1.833370e+01
9.519577e+01,-3.405817e+01,1.725399e+01
9.525332e+01,-3.417271e+01,1.617220e+01
9.530229e+01,-3.429573e+01,1.508847e+01
9.534173e+01,-3.442615e+01,1.400292e+01
9.537082e+01,-3.456278e+01,1.291568e+01
9.538889e+01,-3.470433e+01,1.182689e+01
9.539543e+01,-3.484945e+01,1.073668e+01
9.539010e+01,-3.499675e+01,9.645171e+00
9.537272e+01,-3.514479e+01,8.552503e+00
9.534329e+01,-3.529212e+01,7.458805e+00
9.530197e+01,-3.543732e+01,6.364210e+00
9.524911e+01,-3.557898e+01,5.268848e+00
9.518521e+01,-3.571574e+01,4.172852e+00
9.511093e+01,-3.584633e+01,3.076354e+00
9.502709e+01,-3.596955e+01,1.979485e+00
9.493463e+01,-3.608432e+01,8.823781e-01
9.483463e+01,-3.618966e+01,-2.148351e-01
9.472826e+01,-3.628474e+01,-1.312022e+00
9.461681e+01,-3.636888e+01,-2.409052e+00
9.450160e+01,-3.644155e+01,-3.505791e+00
9.438404e+01,-3.650239e+01,-4.602109e+00
9.426557e+01,-3.655121e+01,-5.697872e+00
9.414761e+01,-3.658798e+01,-6.792949e+00
9.403162e+01,-3.661285e+01,-7.887209e+00
9.391899e+01,-3.662616e+01,-8.980519e+00
9.381108e+01,-3.662838e+01,-1.007275e+01
9.370919e+01,-3.662016e+01,-1.116376e+01
9.361452e+01,-3.660230e+01,-1.225344e+01
9.352817e+01,-3.657574e+01,-1.334163e+01
9.345112e+01,-3.654154e+01,-1.442822e+01
9.338421e+01,-3.650086e+01,-1.551308e+01
9.332815e+01,-3.645497e+01,-1.659606e+01
9.328348e+01,-3.640521e+01,-1.767705e+01
9.325058e+01,-3.635296e+01,-1.875591e+01
9.322965e+01,-3.629967e+01,-1.983251e+01
9.322075e+01,-3.624676e+01,-2.090673e+01
9.322373e+01,-3.619568e+01,-2.197843e+01
9.323830e+01,-3.614784e+01,-2.304748e+01
9.326397e+01,-3.610461e+01,-2.411376e+01
9.330012e+01,-3.606727e+01,-2.517713e+01
9.334596e+01,-3.603705e+01,-2.623747e+01
9.340057e+01,-3.601506e+01,-2.729466e+01
9.346291e+01,-3.600228e+01,-2.834855e+01
9.353182e+01,-3.599959e+01,-2.939904e+01
9.360603e+01,-3.600769e+01,-3.044599e+01
9.368423e+01,-3.602714e+01,-3.148927e+01
9.376502e+01,-3.605835e+01,-3.252876e+01
9.384697e+01,-3.610154e+01,-3.356433e+01
9.392866e+01,-3.615677e+01,-3.459586e+01
9.400862e+01,-3.622392e+01,-3.562323e+01
9.408546e+01,-3.630270e+01,-3.664631e+01
9.415780e+01,-3.639266e+01,-3.766498e+01
9.422433e+01,-3.649319e+01,-3.867911e+01
9.428383e+01,-3.660351e+01,-3.968859e+01
9.433519e+01,-3.672271e+01,-4.069328e+01
9.437738e+01,-3.684977e+01,-4.169308e+01
9.440955e+01,-3.698353e+01,-4.268786e+01
9.443095e+01,-3.712275e+01,-4.367750e+01
9.444102e+01,-3.726610e+01,-4.466189e+01
9.443933e+01,-3.741220e+01,-4.564089e+01
9.442564e+01,-3.755963e+01,-4.661440e+01
9.439988e+01,-3.770695e+01,-4.758230e+01
9.436215e+01,-3.785271e+01,-4.854447e+01
9.431271e+01,-3.799550e+01,-4.950080e+01
9.425201e+01,-3.813394e+01,-5.045117e+01
9.418064e+01,-3.826672e+01,-5.139546e+01
9.409936e+01,-3.839261e+01,-5.233357e+01
9.400906e+01,-3.851047e+01,-5.326537e+01
9.391077e+01,-3.861929e+01,-5.419076e+01
9.380561e+01,-3.871817e+01,-5.510963e+01
9.369484e+01,-3.880637e+01,-5.602187e+01
9.357976e+01,-3.888330e+01,-5.692736e+01
9.346175e+01,-3.894852e+01,-5.782599e+01
9.334224e+01,-3.900178e+01,-5.871767e+01
9.322266e+01,-3.904298e+01,-5.960228e+01
9.310445e+01,-3.907220e+01,-6.047971e+01
9.298904e+01,-3.908969e+01,-6.134986e+01
9.287780e+01,-3.909588e+01,-6.221262e+01
9.277206e+01,-3.909135e+01,-6.306789e+01
9.267306e+01,-3.907684e+01,-6.391557e+01
9.258195e+01,-3.905323e+01,-6.475556e+01
9.249975e+01,-3.902152e+01,-6.558775e+01
9.242736e+01,-3.898285e+01,-6.641205e+01
9.236555e+01,-3.893844e+01,-6.722835e+01
9.231493e+01,-3.888960e+01,-6.803655e+01
9.227595e+01,-3.883770e+01,-6.883657e+01
9.224888e+01,-3.878417e+01,-6.962829e+01
9.223383e+01,-3.873043e+01,-7.041164e+01
9.223074e+01,-3.867793e+01,-7.118651e+01
9.223939e+01,-3.862810e+01,-7.195281e+01
9.225935e+01,-3.858233e+01,-7.271044e+01
9.229006e+01,-3.854193e+01,-7.345932e+01
9.233081e+01,-3.850816e+01,-7.419936e+01
9.238072e+01,-3.848218e+01,-7.493047e+01
9.243880e+01,-3.846502e+01,-7.565255e+01
9.250394e+01,-3.845761e+01,-7.636553e+01
9.257490e+01,-3.846072e+01,-7.706932e+01
9.265040e+01,-3.847497e+01,-7.776382e+01
9.272907e+01,-3.850083e+01,-7.844896e+01
9.280949e+01,-3.853860e+01,-7.912466e+01
9.289022e+01,-3.858841e+01,-7.979084e+01
9.296983e+01,-3.865021e+01,-8.044741e+01
9.304688e+01,-3.872377e+01,-8.109429e+01
9.311999e+01,-3.880872e+01,-8.173141e+01
9.318782e+01,-3.890451e+01,-8.235869e+01
9.324910e+01,-3.901042e+01,-8.297605e+01
9.330269e+01,-3.912560e+01,-8.358343e+01
9.334751e+01,-3.924907e+01,-8.418074e+01
9.338264e+01,-3.937973e+01,-8.476792e+01
9.340729e+01,-3.951636e+01,-8.534489e+01
9.342082e+01,-3.965767e+01,-8.591159e+01
9.342275e+01,-3.980231e+01,-8.646795e+01
9.341276e+01,-3.994886e+01,-8.701390e+01
9.339070e+01,-4.009588e+01,-8.754937e+01
9.335661e+01,-4.024194e+01,-8.807430e+01
9.331068e+01,-4.038560e+01,-8.858862e+01
9.325329e+01,-4.052547e+01,-8.909229e+01
9.318498e+01,-4.066021e+01,-8.958522e+01
9.310642e+01,-4.078854e+01,-9.006738e+01
9.301846e+01,-4.090930e+01,-9.053868e+01
9.292208e+01,-4.102141e+01,-9.099909e+01
9.281835e+01,-4.112393e+01,-9.144855e+01
9.270850e+01,-4.121606e+01,-9.188699e+01
9.259378e+01,-4.129714e+01,-9.231437e+01
9.247558e+01,-4.136667e+01,-9.273064e+01
9.235528e+01,-4.142432e+01,-9.313575e+01
9.223432e+01,-4.146993e+01,-9.352964e+01
9.211415e+01,-4.150350e+01,-9.391227e+01
9.199620e+01,-4.152523e+01,-9.428360e+01
9.188187e+01,-4.153546e+01,-9.464357e+01
9.177251e+01,-4.153471e+01,-9.499215e+01
9.166938e+01,-4.152365e+01,-9.532930e+01
9.157369e+01,-4.150312e+01,-9.565497e+01
9.148650e+01,-4.147407e+01,-9.596912e+01
9.140878e+01,-4.143758e+01,-9.627172e+01
9.134134e+01,-4.139483e+01,-9.656273e+01
9.128486e+01,-4.134711e+01,-9.684211e+01
9.123985e+01,-4.129577e+01,-9.710984e+01
9.120666e+01,-4.124221e+01,-9.736587e+01
9.118547e+01,-4.118785e+01,-9.761019e+01
9.117630e+01,-4.113414e+01,-9.784275e+01
9.117896e+01,-4.108252e+01,-9.806353e+01
9.119313e+01,-4.103439e+01,-9.827251e+01
9.121831e+01,-4.099111e+01,-9.846965e+01
9.125383e+01,-4.095395e+01,-9.865494e+01
9.129889e+01,-4.092412e+01,-9.882836e+01
9.135253e+01,-4.090271e+01,-9.898987e+01
9.141370e+01,-4.089068e+01,-9.913947e+01
9.148122e+01,-4.088887e+01,-9.927713e+01
9.155381e+01,-4.089796e+01,-9.940285e+01
9.163013e+01,-4.091850e+01,-9.951659e+01
9.170878e+01,-4.095084e+01,-9.961835e+01
9.178834e+01,-4.099519e+01,-9.970812e+01
9.186737e+01,-4.105156e+01,-9.978589e+01
9.194441e+01,-4.111982e+01,-9.985165e+01
9.201808e+01,-4.119963e+01,-9.990538e+01
9.208700e+01,-4.129052e+01,-9.994708e+01
9.214989e+01,-4.139185e+01,-9.997676e+01
9.220554e+01,-4.150281e+01,-9.999439e+01
9.225285e+01,-4.162248e+01,-9.999999e+01
9.229083e+01,-4.174980e+01,-9.999355e+01
9.231863e+01,-4.188360e+01,-9.997507e+01
9.233556e+01,-4.202262e+01,-9.994456e+01
9.234106e+01,-4.216552e+01,-9.990201e+01
9.233475e+01,-4.231092e+01,-9.984744e+01
9.231642e+01,-4.245738e+01,-9.978085e+01
9.228602e+01,-4.260346e+01,-9.970224e+01
9.224368e+01,-4.274773e+01,-9.961163e+01
9.218971e+01,-4.288876e+01,-9.950903e+01
9.212457e+01,-4.302521e+01,-9.939444e+01
9.204889e+01,-4.315576e+01,-9.926790e+01
9.196345e+01,-4.327920e+01,-9.912940e+01
9.186917e+01,-4.339442e+01,-9.897897e+01
9.176709e+01,-4.350042e+01,-9.881662e+01
9.165838e+01,-4.359634e+01,-9.864237e+01
9.154428e+01,-4.368145e+01,-9.845625e+01
9.142612e+01,-4.375520e+01,-9.825828e+01
9.130529e+01,-4.381719e+01,-9.804848e+01
9.118322e+01,-4.386718e+01,-9.782687e+01
9.106134e+01,-4.390510e+01,-9.759349e+01
9.094110e+01,-4.393109e+01,-9.734835e+01
9.082391e+01,-4.394541e+01,-9.709150e+01
9.071115e+01,-4.394852e+01,-9.682296e+01
9.060411e+01,-4.394103e+01,-9.654276e+01
9.050403e+01,-4.392371e+01,-9.625094e+01
9.041204e+01,-4.389746e+01,-9.594753e+01
9.032913e+01,-4.386331e+01,-9.563257e+01
9.025618e+01,-4.382241e+01,-9.530610e+01
9.019394e+01,-4.377601e+01,-9.496815e+01
9.014298e+01,-4.372543e+01,-9.461877e+01
9.010372e+01,-4.367204e+01,-9.425800e+01
9.007641e+01,-4.361727e+01,-9.388588e+01
9.006112e+01,-4.356256e+01,-9.350246e+01
9.005776e+01,-4.350936e+01,-9.310779e+01
9.006607e+01,-4.345907e+01,-9.270190e+01
9.008561e+01,-4.341309e+01,-9.228485e+01
9.011579e+01,-4.337271e+01,-9.185670e+01
9.015585e+01,-4.333918e+01,-9.141748e+01
9.020490e+01,-4.331364e+01,-9.096726e+01
9.026192e+01,-4.329710e+01,-9.050609e+01
9.032579e+01,-4.329045e+01,-9.003402e+01
9.039525e+01,-4.329445e+01,-8.955111e+01
9.046901e+01,-4.330969e+01,-8.905742e+01
9.054568e+01,-4.333660e+01,-8.855301e+01
9.062384e+01,-4.337546e+01,-8.803794e+01
9.070205e+01,-4.342636e+01,-8.751227e+01
9.077887e+01,-4.348922e+01,-8.697606e+01
9.085288e+01,-4.356378e+01,-8.642939e+01
9.092270e+01,-4.364965e+01,-8.587231e+01
9.098700e+01,-4.374622e+01,-8.530489e+01
9.104455e+01,-4.385278e+01,-8.472720e+01
9.109419e+01,-4.396844e+01,-8.413931e+01
9.113489e+01,-4.409219e+01,-8.354129e+01
9.116574e+01,-4.422291e+01,-8.293321e+01
9.118599e+01,-4.435938e+01,-8.231515e+01
9.119502e+01,-4.450029e+01,-8.168718e+01
9.119237e+01,-4.464426e+01,-8.104938e+01
9.117777e+01,-4.478988e+01,-8.040181e+01
9.115109e+01,-4.493572e+01,-7.974457e+01
9.111241e+01,-4.508032e+01,-7.907773e+01
9.106194e+01,-4.522227e+01,-7.840137e+01
9.100010e+01,-4.536018e+01,-7.771557e+01
9.092744e+01,-4.549271e+01,-7.702041e+01
9.084469e+01,-4.561862e+01,-7.631598e+01
9.075271e+01,-4.573675e+01,-7.560236e+01
9.065249e+01,-4.584605e+01,-7.487964e+01
9.054514e+01,-4.594560e+01,-7.414791e+01
9.043189e+01,-4.603463e+01,-7.340725e+01
9.031403e+01,-4.611250e+01,-7.265775e+01
9.019292e+01,-4.617875e+01,-7.189951e+01
9.006999e+01,-4.623307e+01,-7.113261e+01
8.994666e+01,-4.627534e+01,-7.035714e+01
8.982438e+01,-4.630560e+01,-6.957321e+01
8.970458e+01,-4.632406e+01,-6.878090e+01
8.958864e+01,-4.633110e+01,-6.798031e+01
8.947792e+01,-4.632728e+01,-6.717153e+01
8.937366e+01,-4.631328e+01,-6.635467e+01
8.927703e+01,-4.628998e+01,-6.552982e+01
8.918910e+01,-4.625834e+01,-6.469708e+01
8.911079e+01,-4.621947e+01,-6.385656e+01
8.904290e+01,-4.617457e+01,-6.300834e+01
8.898607e+01,-4.612494e+01,-6.215254e+01
8.894079e+01,-4.607194e+01,-6.128926e+01
8.890738e+01,-4.601697e+01,-6.041859e+01
8.888599e+01,-4.596147e+01,-5.954066e+01
8.887658e+01,-4.590689e+01,-5.865556e+01
8.887897e+01,-4.585465e+01,-5.776339e+01
8.889279e+01,-4.580614e+01,-5.686427e+01
8.891751e+01,-4.576273e+01,-5.595831e+01
8.895244e+01,-4.572566e+01,-5.504560e+01
8.899674e+01,-4.569613e+01,-5.412627e+01
8.904944e+01,-4.567519e+01,-5.320043e+01
8.910946e+01,-4.566381e+01,-5.226818e+01
8.917560e+01,-4.566278e+01,-5.132964e+01
8.924658e+01,-4.567276e+01,-5.038492e+01
8.932103e+01,-4.569426e+01,-4.943413e+01
8.939756e+01,-4.572762e+01,-4.847739e+01
8.947474e+01,-4.577299e+01,-4.751481e+01
8.955111e+01,-4.583038e+01,-4.654652e+01
8.962526e+01,-4.589960e+01,-4.557262e+01
8.969576e+01,-4.598030e+01,-4.459324e+01
8.976129e+01,-4.607198e+01,-4.360848e+01
8.982055e+01,-4.617395e+01,-4.261848e+01
8.987237e+01,-4.628540e+01,-4.162334e+01
8.991565e+01,-4.640537e+01,-4.062320e+01
8.994944e+01,-4.653278e+01,-3.961816e+01
8.997292e+01,-4.666644e+01,-3.860835e+01
8.998542e+01,-4.680509e+01,-3.759390e+01
8.998640e+01,-4.694737e+01,-3.657492e+01
8.997552e+01,-4.709189e+01,-3.555154e+01
8.995260e+01,-4.723720e+01,-3.452387e+01
8.991762e+01,-4.738188e+01,-3.349206e+01
8.987075e+01,-4.752447e+01,-3.245620e+01
8.981231e+01,-4.766358e+01,-3.141645e+01
8.974281e+01,-4.779786e+01,-3.037290e+01
8.966291e+01,-4.792601e+01,-2.932571e+01
8.957340e+01,-4.804684e+01,-2.827498e+01
8.947524e+01,-4.815926e+01,-2.722085e+01
8.936948e+01,-4.826228e+01,-2.616344e+01
8.925731e+01,-4.835509e+01,-2.510288e+01
8.913999e+01,-4.843697e+01,-2.403930e+01
8.901886e+01,-4.850741e+01,-2.297282e+01
8.889531e+01,-4.856602e+01,-2.190358e+01
8.877079e+01,-4.861260e+01,-2.083170e+01
8.864673e+01,-4.864714e+01,-1.975732e+01
8.852456e+01,-4.866977e+01,-1.868055e+01
8.840570e+01,-4.868080e+01,-1.760154e+01
8.829151e+01,-4.868073e+01,-1.652041e+01
8.818328e+01,-4.867018e+01,-1.543729e+01
8.808222e+01,-4.864995e+01,-1.435231e+01
8.798943e+01,-4.862097e+01,-1.326560e+01
8.790590e+01,-4.858430e+01,-1.217730e+01
8.783249e+01,-4.854109e+01,-1.108753e+01
8.776989e+01,-4.849262e+01,-9.996420e+00
8.771866e+01,-4.844020e+01,-8.904111e+00
8.767920e+01,-4.838524e+01,-7.810731e+00
8.765171e+01,-4.832916e+01,-6.716410e+00
8.763624e+01,-4.827340e+01,-5.621280e+00
8.763266e+01,-4.821941e+01,-4.525474e+00
8.764069e+01,-4.816859e+01,-3.429123e+00
8.765985e+01,-4.812231e+01,-2.332359e+00
8.768952e+01,-4.808188e+01,-1.235314e+00
8.772892e+01,-4.804850e+01,-1.381205e-01
8.777714e+01,-4.802330e+01,9.590896e-01
8.783313e+01,-4.800728e+01,2.056184e+00
8.789575e+01,-4.800130e+01,3.153031e+00
8.796373e+01,-4.800608e+01,4.249499e+00
8.803575e+01,-4.802219e+01,5.345455e+00
8.811044e+01,-4.805004e+01,6.440767e+00
8.818635e+01,-4.808986e+01,7.535304e+00
8.826205e+01,-4.814172e+01,8.628934e+00
8.833611e+01,-4.820550e+01,9.721525e+00
8.840709e+01,-4.828093e+01,1.081295e+01
8.847364e+01,-4.836756e+01,1.190306e+01
8.853444e+01,-4.846478e+01,1.299175e+01
8.858827e+01,-4.857183e+01,1.407887e+01
8.863399e+01,-4.868780e+01,1.516430e+01
8.867060e+01,-4.881167e+01,1.624790e+01
8.869722e+01,-4.894230e+01,1.732955e+01
8.871310e+01,-4.907843e+01,1.840910e+01
8.871767e+01,-4.921876e+01,1.948645e+01
8.871050e+01,-4.936189e+01,2.056144e+01
8.869135e+01,-4.950641e+01,2.163396e+01
8.866012e+01,-4.965088e+01,2.270388e+01
8.861691e+01,-4.979386e+01,2.377107e+01
8.856198e+01,-4.993392e+01,2.483539e+01
8.849577e+01,-5.006970e+01,2.589672e+01
8.841886e+01,-5.019986e+01,2.695493e+01
8.833201e+01,-5.032318e+01,2.800990e+01
8.823609e+01,-5.043852e+01,2.906150e+01
8.813214e+01,-5.054485e+01,3.010960e+01
8.802127e+01,-5.064128e+01,3.115407e+01
8.790473e+01,-5.072706e+01,3.219479e+01
8.778382e+01,-5.080158e+01,3.323164e+01
8.765993e+01,-5.086442e+01,3.426449e+01
8.753447e+01,-5.091529e+01,3.529321e+01
8.740888e+01,-5.095409e+01,3.631768e+01
8.728460e+01,-5.098091e+01,3.733778e+01
8.716306e+01,-5.099599e+01,3.835339e+01
8.704563e+01,-5.099974e+01,3.936437e+01
8.693365e+01,-5.099274e+01,4.037062e+01
8.682836e+01,-5.097571e+01,4.137201e+01
8.673090e+01,-5.094954e+01,4.236842e+01
8.664231e+01,-5.091523e+01,4.335972e+01
8.656351e+01,-5.087389e+01,4.434581e+01
8.649525e+01,-5.082676e+01,4.532656e+01
8.643816e+01,-5.077514e+01,4.630185e+01
8.639268e+01,-5.072040e+01,4.727157e+01
8.635912e+01,-5.066395e+01,4.823559e+01
8.633758e+01,-5.060723e+01,4.919381e+01
8.632801e+01,-5.055169e+01,5.014611e+01
8.633018e+01,-5.049875e+01,5.109237e+01
8.634370e+01,-5.044980e+01,5.203248e+01
8.636799e+01,-5.040616e+01,5.296632e+01
8.640236e+01,-5.036910e+01,5.389379e+01
8.644594e+01,-5.033978e+01,5.481477e+01
8.649773e+01,-5.031923e+01,5.572915e+01
8.655662e+01,-5.030839e+01,5.663682e+01
8.662141e+01,-5.030803e+01,5.753768e+01
8.669079e+01,-5.031880e+01,5.843160e+01
8.676340e+01,-5.034115e+01,5.931849e+01
8.683783e+01,-5.037539e+01,6.019824e+01
8.691263e+01,-5.042167e+01,6.107075e+01
8.698638e+01,-5.047994e+01,6.193590e+01
8.705763e+01,-5.054999e+01,6.279359e+01
8.712500e+01,-5.063144e+01,6.364373e+01
8.718715e+01,-5.072375e+01,6.448620e+01
8.724281e+01,-5.082622e+01,6.532091e+01
8.729082e+01,-5.093800e+01,6.614775e+01
8.733012e+01,-5.105811e+01,6.696664e+01
8.735977e+01,-5.118545e+01,6.777746e+01
8.737896e+01,-5.131882e+01,6.858012e+01
8.738707e+01,-5.145693e+01,6.937452e+01
8.738359e+01,-5.159841e+01,7.016057e+01
8.736820e+01,-5.174187e+01,7.093818e+01
8.734075e+01,-5.188587e+01,7.170724e+01
8.730127e+01,-5.202896e+01,7.246768e+01
8.724994e+01,-5.216972e+01,7.321938e+01
8.718712e+01,-5.230673e+01,7.396228e+01
8.711336e+01,-5.243867e+01,7.469627e+01
8.702932e+01,-5.256426e+01,7.542126e+01
8.693584e+01,-5.268232e+01,7.613718e+01
8.683389e+01,-5.279178e+01,7.684393e+01
8.672456e+01,-5.289168e+01,7.754143e+01
8.660903e+01,-5.298122e+01,7.822959e+01
8.648860e+01,-5.305973e+01,7.890834e+01
8.636461e+01,-5.312671e+01,7.957759e+01
8.623847e+01,-5.318182e+01,8.023725e+01
8.611161e+01,-5.322488e+01,8.088726e+01
8.598548e+01,-5.325591e+01,8.152753e+01
8.586150e+01,-5.327507e+01,8.215798e+01
8.574108e+01,-5.328271e+01,8.277854e+01
8.562557e+01,-5.327934e+01,8.338914e+01
8.551625e+01,-5.326564e+01,8.398970e+01
8.541431e+01,-5.324241e+01,8.458015e+01
8.532084e+01,-5.321061e+01,8.516041e+01
8.523679e+01,-5.317133e+01,8.573042e+01
8.516299e+01,-5.312573e+01,8.629011e+01
8.510013e+01,-5.307510e+01,8.683941e+01
8.504871e+01,-5.302078e+01,8.737826e+01
8.500911e+01,-5.296417e+01,8.790659e+01
8.498151e+01,-5.290670e+01,8.842434e+01
8.496592e+01,-5.284982e+01,8.893144e+01
8.496219e+01,-5.279496e+01,8.942783e+01
8.496998e+01,-5.274353e+01,8.991346e+01
8.498881e+01,-5.269688e+01,9.038826e+01
8.501802e+01,-5.265630e+01,9.085218e+01
8.505680e+01,-5.262299e+01,9.130517e+01
8.510422e+01,-5.259805e+01,9.174716e+01
8.515921e+01,-5.258245e+01,9.217810e+01
8.522060e+01,-5.257703e+01,9.259795e+01
8.528712e+01,-5.258249e+01,9.300665e+01
8.535744e+01,-5.259937e+01,9.340416e+01
8.543016e+01,-5.262803e+01,9.379042e+01
8.550385e+01,-5.266870e+01,9.416538e+01
8.557706e+01,-5.272139e+01,9.452902e+01
8.564837e+01,-5.278597e+01,9.488127e+01
8.571635e+01,-5.286212e+01,9.522210e+01
8.577965e+01,-5.294937e+01,9.555146e+01
8.583698e+01,-5.304708e+01,9.586932e+01
8.588712e+01,-5.315447e+01,9.617564e+01
8.592896e+01,-5.327061e+01,9.647038e+01
8.596152e+01,-5.339443e+01,9.675351e+01
8.598394e+01,-5.352479e+01,9.702499e+01
8.599551e+01,-5.366043e+01,9.728479e+01
8.599568e+01,-5.380000e+01,9.753288e+01
8.598405e+01,-5.394213e+01,9.776922e+01
8.596041e+01,-5.408538e+01,9.799379e+01
8.592470e+01,-5.422832e+01,9.820657e+01
8.587704e+01,-5.436950e+01,9.840753e+01
8.581774e+01,-5.450751e+01,9.859663e+01
8.574724e+01,-5.464098e+01,9.877387e+01
8.566618e+01,-5.476861e+01,9.893921e+01
8.557532e+01,-5.488918e+01,9.909265e+01
8.547558e+01,-5.500158e+01,9.923415e+01
8.536799e+01,-5.510479e+01,9.936371e+01
8.525372e+01,-5.519795e+01,9.948131e+01
8.513400e+01,-5.528033e+01,9.958693e+01
8.501017e+01,-5.535137e+01,9.968056e+01
8.488361e+01,-5.541066e+01,9.976219e+01
8.475574e+01,-5.545795e+01,9.983181e+01
8.462800e+01,-5.549318e+01,9.988941e+01
8.450184e+01,-5.551645e+01,9.993498e+01
8.437867e+01,-5.552804e+01,9.996853e+01
8.425987e+01,-5.552839e+01,9.999003e+01
8.414674e+01,-5.551811e+01,9.999951e+01
8.404052e+01,-5.549796e+01,9.999694e+01
8.394234e+01,-5.546883e+01,9.998233e+01
8.385320e+01,-5.543176e+01,9.995569e+01
8.377399e+01,-5.538788e+01,9.991701e+01
8.370546e+01,-5.533844e+01,9.986631e+01
8.364819e+01,-5.528475e+01,9.980358e+01
8.360260e+01,-5.522819e+01,9.972883e+01
8.356896e+01,-5.517019e+01,9.964208e+01
8.354735e+01,-5.511218e+01,9.954334e+01
8.353767e+01,-5.505560e+01,9.943261e+01
8.353968e+01,-5.500189e+01,9.930991e+01
8.355294e+01,-5.495240e+01,9.917525e+01
8.357687e+01,-5.490848e+01,9.902866e+01
8.361072e+01,-5.487134e+01,9.887014e+01
8.365361e+01,-5.484213e+01,9.869972e+01
8.370452e+01,-5.482189e+01,9.851742e+01
8.376232e+01,-5.481149e+01,9.832325e+01
8.382578e+01,-5.481171e+01,9.811725e+01
8.389359e+01,-5.482315e+01,9.789944e+01
8.396438e+01,-5.484624e+01,9.766984e+01
8.403672e+01,-5.488126e+01,9.742849e+01
8.410919e+01,-5.492832e+01,9.717540e+01
8.418032e+01,-5.498735e+01,9.691062e+01
8.424871e+01,-5.505809e+01,9.663416e+01
8.431297e+01,-5.514015e+01,9.634608e+01
8.437178e+01,-5.523295e+01,9.604639e+01
8.442387e+01,-5.533576e+01,9.573515e+01
8.446812e+01,-5.544772e+01,9.541237e+01
8.450346e+01,-5.556781e+01,9.507811e+01
8.452901e+01,-5.569492e+01,9.473241e+01
8.454397e+01,-5.582783e+01,9.437530e+01
8.454775e+01,-5.596523e+01,9.400682e+01
8.453986e+01,-5.610576e+01,9.362703e+01
8.452003e+01,-5.624799e+01,9.323597e+01
8.448813e+01,-5.639051e+01,9.283369e+01
8.444422e+01,-5.653185e+01,9.242022e+01
8.438852e+01,-5.667059e+01,9.199563e+01
8.432142e+01,-5.680535e+01,9.155997e+01
8.424347e+01,-5.693479e+01,9.111328e+01
8.415540e+01,-5.705765e+01,9.065563e+01
8.405806e+01,-5.717279e+01,9.018706e+01
8.395244e+01,-5.727913e+01,8.970763e+01
8.383964e+01,-5.737576e+01,8.921740e+01
8.372088e+01,-5.746190e+01,8.871644e+01
8.359746e+01,-5.753690e+01,8.820479e+01
8.347073e+01,-5.760029e+01,8.768252e+01
8.334211e+01,-5.765177e+01,8.714970e+01
8.321303e+01,-5.769119e+01,8.660638e+01
8.308495e+01,-5.771859e+01,8.605264e+01
8.295928e+01,-5.773417e+01,8.548854e+01
8.283742e+01,-5.773831e+01,8.491415e+01
8.272071e+01,-5.773156e+01,8.432953e+01
8.261041e+01,-5.771460e+01,8.373476e+01
8.250770e+01,-5.768829e+01,8.312991e+01
8.241364e+01,-5.765359e+01,8.251505e+01
8.232917e+01,-5.761161e+01,8.189026e+01
8.225509e+01,-5.756355e+01,8.125561e+01
8.219205e+01,-5.751069e+01,8.061118e+01
8.214054e+01,-5.745439e+01,7.995705e+01
8.210089e+01,-5.739606e+01,7.929328e+01
8.207325e+01,-5.733714e+01,7.861997e+01
8.205761e+01,-5.727906e+01,7.793720e+01
8.205378e+01,-5.722326e+01,7.724504e+01
8.206140e+01,-5.717114e+01,7.654359e+01
8.207994e+01,-5.712404e+01,7.583292e+01
8.210873e+01,-5.708324e+01,7.511312e+01
8.214694e+01,-5.704991e+01,7.438427e+01
8.219360e+01,-5.702514e+01,7.364648e+01
8.224762e+01,-5.700987e+01,7.289981e+01
8.230782e+01,-5.700492e+01,7.214437e+01
8.237292e+01,-5.701096e+01,7.138024e+01
8.244155e+01,-5.702849e+01,7.060752e+01
8.251233e+01,-5.705787e+01,6.982630e+01
8.258382e+01,-5.709925e+01,6.903668e+01
8.265458e+01,-5.715265e+01,6.823874e+01
8.272316e+01,-5.721789e+01,6.743259e+01
8.278817e+01,-5.729464e+01,6.661832e+01
8.284826e+01,-5.738237e+01,6.579603e+01
8.290215e+01,-5.748043e+01,6.496581e+01
8.294863e+01,-5.758801e+01,6.412778e+01
8.298664e+01,-5.770415e+01,6.328203e+01
8.301519e+01,-5.782778e+01,6.242866e+01
8.303347e+01,-5.795771e+01,6.156777e+01
8.304079e+01,-5.809268e+01,6.069947e+01
8.303662e+01,-5.823134e+01,5.982386e+01
8.302060e+01,-5.837230e+01,5.894105e+01
8.299254e+01,-5.851411e+01,5.805115e+01
8.295243e+01,-5.865535e+01,5.715425e+01
8.290041e+01,-5.879457e+01,5.625048e+01
8.283682e+01,-5.893036e+01,5.533993e+01
8.276214e+01,-5.906137e+01,5.442272e+01
8.267702e+01,-5.918631e+01,5.349896e+01
8.258226e+01,-5.930397e+01,5.256876e+01
8.247880e+01,-5.941327e+01,5.163223e+01
8.236770e+01,-5.951321e+01,5.068948e+01
8.225014e+01,-5.960296e+01,4.974063e+01
8.212737e+01,-5.968182e+01,4.878580e+01
8.200073e+01,-5.974924e+01,4.782509e+01
8.187162e+01,-5.980485e+01,4.685862e+01
8.174146e+01,-5.984844e+01,4.588651e+01
8.161171e+01,-5.987997e+01,4.490888e+01
8.148379e+01,-5.989958e+01,4.392584e+01
8.135912e+01,-5.990758e+01,4.293751e+01
8.123906e+01,-5.990444e+01,4.194401e+01
8.112490e+01,-5.989079e+01,4.094546e+01
8.101787e+01,-5.986742e+01,3.994199e+01
8.091907e+01,-5.983526e+01,3.893370e+01
8.082948e+01,-5.979535e+01,3.792073e+01
8.074998e+01,-5.974885e+01,3.690319e+01
8.068127e+01,-5.969702e+01,3.588121e+01
8.062391e+01,-5.964119e+01,3.485491e+01
8.057829e+01,-5.958275e+01,3.382442e+01
8.054465e+01,-5.952312e+01,3.278985e+01
8.052304e+01,-5.946375e+01,3.175133e+01
8.051333e+01,-5.940607e+01,3.070900e+01
8.051523e+01,-5.935151e+01,2.966296e+01
8.052830e+01,-5.930142e+01,2.861335e+01
8.055191e+01,-5.925712e+01,2.756030e+01
8.058529e+01,-5.921983e+01,2.650393e+01
8.062754e+01,-5.919066e+01,2.544438e+01
8.067760e+01,-5.917062e+01,2.438175e+01
8.073435e+01,-5.916059e+01,2.331619e+01
8.079652e+01,-5.916129e+01,2.224783e+01
8.086279e+01,-5.917329e+01,2.117679e+01
8.093179e+01,-5.919702e+01,2.010319e+01
8.100208e+01,-5.923270e+01,1.902718e+01
8.107223e+01,-5.928042e+01,1.794888e+01
8.114079e+01,-5.934007e+01,1.686841e+01
8.120635e+01,-5.941139e+01,1.578592e+01
8.126753e+01,-5.949392e+01,1.470152e+01
8.132303e+01,-5.958707e+01,1.361535e+01
8.137160e+01,-5.969008e+01,1.252755e+01
8.141212e+01,-5.980206e+01,1.143824e+01
8.144356e+01,-5.992197e+01,1.034755e+01
8.146506e+01,-6.004870e+01,9.255609e+00
8.147585e+01,-6.018098e+01,8.162559e+00
8.147535e+01,-6.031752e+01,7.068526e+00
8.146313e+01,-6.045692e+01,5.973642e+00
8.143894e+01,-6.059777e+01,4.878039e+00
8.140267e+01,-6.073863e+01,3.781849e+00
8.135441e+01,-6.087806e+01,2.685203e+00
8.129443e+01,-6.101463e+01,1.588234e+00
8.122314e+01,-6.114696e+01,4.910744e-01
8.114112e+01,-6.127375e+01,-6.061447e-01
8.104913e+01,-6.139374e+01,-1.703291e+00
8.094803e+01,-6.150579e+01,-2.800232e+00
8.083885e+01,-6.160887e+01,-3.896836e+00
8.072271e+01,-6.170209e+01,-4.992971e+00
8.060083e+01,-6.178468e+01,-6.088505e+00
8.047454e+01,-6.185604e+01,-7.183306e+00
8.034520e+01,-6.191572e+01,-8.277242e+00
8.021423e+01,-6.196345e+01,-9.370181e+00
8.008307e+01,-6.199911e+01,-1.046199e+01
7.995315e+01,-6.202277e+01,-1.155254e+01
7.982592e+01,-6.203468e+01,-1.264171e+01
7.970274e+01,-6.203523e+01,-1.372934e+01
7.958495e+01,-6.202499e+01,-1.481533e+01
7.947380e+01,-6.200470e+01,-1.589953e+01
7.937044e+01,-6.197521e+01,-1.698182e+01
7.927591e+01,-6.193754e+01,-1.806207e+01
7.919112e+01,-6.189279e+01,-1.914014e+01
7.911685e+01,-6.184218e+01,-2.021590e+01
7.905373e+01,-6.178702e+01,-2.128923e+01
7.900221e+01,-6.172868e+01,-2.236000e+01
7.896259e+01,-6.166856e+01,-2.342808e+01
7.893500e+01,-6.160811e+01,-2.449334e+01
7.891939e+01,-6.154877e+01,-2.555564e+01
7.891553e+01,-6.149196e+01,-2.661487e+01
7.892303e+01,-6.143908e+01,-2.767090e+01
7.894135e+01,-6.139146e+01,-2.872360e+01
7.896978e+01,-6.135035e+01,-2.977283e+01
7.900746e+01,-6.131693e+01,-3.081849e+01
7.905340e+01,-6.129224e+01,-3.186043e+01
7.910650e+01,-6.127722e+01,-3.289854e+01
7.916554e+01,-6.127265e+01,-3.393268e+01
7.922924e+01,-6.127916e+01,-3.496275e+01
7.929624e+01,-6.129725e+01,-3.598860e+01
7.936511e+01,-6.132722e+01,-3.701012e+01
7.943443e+01,-6.136922e+01,-3.802718e+01
7.950276e+01,-6.142320e+01,-3.903967e+01
7.956866e+01,-6.148898e+01,-4.004746e+01
7.963073e+01,-6.156618e+01,-4.105042e+01
7.968765e+01,-6.165426e+01,-4.204844e+01
7.973813e+01,-6.175253e+01,-4.304140e+01
7.978101e+01,-6.186015e+01,-4.402918e+01
7.981523e+01,-6.197614e+01,-4.501166e+01
7.983983e+01,-6.209942e+01,-4.598872e+01
7.985403e+01,-6.222877e+01,-4.696024e+01
7.985715e+01,-6.236292e+01,-4.792611e+01
7.984871e+01,-6.250051e+01,-4.888621e+01
7.982838e+01,-6.264012e+01,-4.984043e+01
7.979599e+01,-6.278034e+01,-5.078864e+01
7.975156e+01,-6.291971e+01,-5.173074e+01
7.969527e+01,-6.305680e+01,-5.266661e+01
7.962749e+01,-6.319022e+01,-5.359614e+01
7.954873e+01,-6.331861e+01,-5.451922e+01
7.945966e+01,-6.344070e+01,-5.543574e+01
7.936112e+01,-6.355531e+01,-5.634558e+01
7.925406e+01,-6.366136e+01,-5.724864e+01
7.913957e+01,-6.375789e+01,-5.814481e+01
7.901883e+01,-6.384409e+01,-5.903397e+01
7.889313e+01,-6.391929e+01,-5.991603e+01
7.876382e+01,-6.398297e+01,-6.079088e+01
7.863229e+01,-6.403478e+01,-6.165840e+01
7.849999e+01,-6.407455e+01,-6.251851e+01
7.836834e+01,-6.410228e+01,-6.337109e+01
7.823879e+01,-6.411813e+01,-6.421603e+01
7.811275e+01,-6.412244e+01,-6.505325e+01
7.799155e+01,-6.411571e+01,-6.588264e+01
7.787649e+01,-6.409861e+01,-6.670409e+01
7.776877e+01,-6.407194e+01,-6.751752e+01
7.766946e+01,-6.403666e+01,-6.832281e+01
7.757955e+01,-6.399383e+01,-6.911988e+01
7.749985e+01,-6.394464e+01,-6.990863e+01
7.743106e+01,-6.389036e+01,-7.068896e+01
7.737371e+01,-6.383232e+01,-7.146079e+01
7.732816e+01,-6.377193e+01,-7.222401e+01
7.729460e+01,-6.371061e+01,-7.297853e+01
7.727306e+01,-6.364981e+01,-7.372427e+01
7.726339e+01,-6.359097e+01,-7.446113e+01
7.726527e+01,-6.353549e+01,-7.518903e+01
7.727820e+01,-6.348473e+01,-7.590788e+01
7.730155e+01,-6.343998e+01,-7.661759e+01
7.733452e+01,-6.340245e+01,-7.731807e+01
7.737616e+01,-6.337324e+01,-7.800925e+01
7.742544e+01,-6.335333e+01,-7.869103e+01
7.748116e+01,-6.334357e+01,-7.936334e+01
7.754208e+01,-6.334465e+01,-8.002610e+01
7.760686e+01,-6.335713e+01,-8.067922e+01
7.767410e+01,-6.338138e+01,-8.132263e+01
7.774238e+01,-6.341762e+01,-8.195625e+01
7.781024e+01,-6.346588e+01,-8.258001e+01
7.787627e+01,-6.352604e+01,-8.319382e+01
7.793903e+01,-6.359779e+01,-8.379761e+01
7.799718e+01,-6.368066e+01,-8.439132e+01
7.804941e+01,-6.377402e+01,-8.497487e+01
7.809450e+01,-6.387709e+01,-8.554818e+01
7.813134e+01,-6.398894e+01,-8.611120e+01
7.815895e+01,-6.410854e+01,-8.666385e+01
7.817645e+01,-6.423472e+01,-8.720607e+01
7.818313e+01,-6.436623e+01,-8.773779e+01
7.817844e+01,-6.450173e+01,-8.825895e+01
7.816196e+01,-6.463985e+01,-8.876948e+01
7.813347e+01,-6.477916e+01,-8.926932e+01
7.809292e+01,-6.491820e+01,-8.975842e+01
7.804042e+01,-6.505556e+01,-9.023671e+01
7.797625e+01,-6.518980e+01,-9.070414e+01
7.790087e+01,-6.531956e+01,-9.116065e+01
7.781490e+01,-6.544353e+01,-9.160618e+01
7.771909e+01,-6.556049e+01,-9.204068e+01
7.761436e+01,-6.566932e+01,-9.246411e+01
7.750174e+01,-6.576900e+01,-9.287640e+01
7.738238e+01,-6.585867e+01,-9.327751e+01
7.725752e+01,-6.593759e+01,-9.366739e+01
7.712849e+01,-6.600518e+01,-9.404600e+01
7.699667e+01,-6.606102e+01,-9.441328e+01
7.686348e+01,-6.610488e+01,-9.476920e+01
7.673036e+01,-6.613667e+01,-9.511371e+01
7.659876e+01,-6.615650e+01,-9.544676e+01
7.647009e+01,-6.616462e+01,-9.576833e+01
7.634573e+01,-6.616148e+01,-9.607837e+01
7.622699e+01,-6.614768e+01,-9.637684e+01
7.611510e+01,-6.612397e+01,-9.666370e+01
7.601120e+01,-6.609123e+01,-9.693893e+01
7.591632e+01,-6.605050e+01,-9.720249e+01
7.583133e+01,-6.600291e+01,-9.745435e+01
7.575698e+01,-6.594970e+01,-9.769448e+01
7.569388e+01,-6.589217e+01,-9.792284e+01
7.564245e+01,-6.583171e+01,-9.813941e+01
7.560295e+01,-6.576974e+01,-9.834417e+01
7.557549e+01,-6.570770e+01,-9.853709e+01
7.555998e+01,-6.564703e+01,-9.871815e+01
7.555616e+01,-6.558916e+01,-9.888732e+01
7.556362e+01,-6.553545e+01,-9.904459e+01
7.558178e+01,-6.548724e+01,-9.918994e+01
7.560990e+01,-6.544576e+01,-9.932334e+01
7.564711e+01,-6.541217e+01,-9.944478e+01
7.569238e+01,-6.538748e+01,-9.955426e+01
7.574460e+01,-6.537262e+01,-9.965175e+01
7.580253e+01,-6.536833e+01,-9.973724e+01
7.586488e+01,-6.537523e+01,-9.981072e+01
7.593027e+01,-6.539377e+01,-9.987219e+01
7.599728e+01,-6.542423e+01,-9.992163e+01
7.606447e+01,-6.546672e+01,-9.995905e+01
7.613041e+01,-6.552119e+01,-9.998443e+01
7.619366e+01,-6.558738e+01,-9.999777e+01
7.625284e+01,-6.566491e+01,-9.999908e+01
7.630663e+01,-6.575320e+01,-9.998834e+01
7.635376e+01,-6.585154e+01,-9.996557e+01
7.639309e+01,-6.595906e+01,-9.993077e+01
7.642357e+01,-6.607476e+01,-9.988393e+01
7.644429e+01,-6.619752e+01,-9.982507e+01
7.645446e+01,-6.632614e+01,-9.975419e+01
7.645346e+01,-6.645931e+01,-9.967130e+01
7.644083e+01,-6.659566e+01,-9.957641e+01
7.641626e+01,-6.673379e+01,-9.946954e+01
7.637963e+01,-6.687225e+01,-9.935069e+01
7.633098e+01,-6.700960e+01,-9.921987e+01
7.627052e+01,-6.714441e+01,-9.907712e+01
7.619865e+01,-6.727529e+01,-9.892243e+01
7.611592e+01,-6.740091e+01,-9.875584e+01
7.602302e+01,-6.752001e+01,-9.857736e+01
7.592081e+01,-6.763142e+01,-9.838701e+01
7.581028e+01,-6.773408e+01,-9.818481e+01
7.569252e+01,-6.782706e+01,-9.797080e+01
7.556875e+01,-6.790958e+01,-9.774499e+01
7.544026e+01,-6.798099e+01,-9.750741e+01
7.530840e+01,-6.804080e+01,-9.725809e+01
7.517459e+01,-6.808870e+01,-9.699707e+01
7.504027e+01,-6.812455e+01,-9.672436e+01
7.490687e+01,-6.814837e+01,-9.644002e+01
7.477583e+01,-6.816036e+01,-9.614406e+01
7.464854e+01,-6.816088e+01,-9.583653e+01
7.452634e+01,-6.815048e+01,-9.551746e+01
7.441051e+01,-6.812984e+01,-9.518689e+01
7.430221e+01,-6.809980e+01,-9.484486e+01
7.420253e+01,-6.806133e+01,-9.449141e+01
7.411239e+01,-6.801552e+01,-9.412659e+01
7.403262e+01,-6.796357e+01,-9.375044e+01
7.396386e+01,-6.790676e+01,-9.336300e+01
7.390661e+01,-6.784645e+01,-9.296431e+01
7.386122e+01,-6.778404e+01,-9.255444e+01
7.382784e+01,-6.772098e+01,-9.213343e+01
7.380646e+01,-6.765869e+01,-9.170132e+01
7.379691e+01,-6.759862e+01,-9.125817e+01
7.379882e+01,-6.754216e+01,-9.080404e+01
7.381169e+01,-6.749066e+01,-9.033898e+01
7.383484e+01,-6.744540e+01,-8.986303e+01
7.386745e+01,-6.740757e+01,-8.937627e+01
7.390856e+01,-6.737824e+01,-8.887876e+01
7.395709e+01,-6.735837e+01,-8.837054e+01
7.401185e+01,-6.734879e+01,-8.785168e+01
7.407156e+01,-6.735017e+01,-8.732224e+01
7.413488e+01,-6.736302e+01,-8.678230e+01
7.420041e+01,-6.738770e+01,-8.623190e+01
7.426671e+01,-6.742438e+01,-8.567113e+01
7.433234e+01,-6.747308e+01,-8.510003e+01
7.439586e+01,-6.753362e+01,-8.451870e+01
7.445588e+01,-6.760569e+01,-8.392719e+01
7.451104e+01,-6.768877e+01,-8.332558e+01
7.456005e+01,-6.778220e+01,-8.271393e+01
7.460171e+01,-6.788519e+01,-8.209233e+01
7.463494e+01,-6.799678e+01,-8.146084e+01
7.465876e+01,-6.811591e+01,-8.081955e+01
7.467234e+01,-6.824139e+01,-8.016852e+01
7.467498e+01,-6.837197e+01,-7.950785e+01
7.466616e+01,-6.850630e+01,-7.883760e+01
7.464551e+01,-6.864298e+01,-7.815786e+01
7.461283e+01,-6.878058e+01,-7.746872e+01
7.456809e+01,-6.891766e+01,-7.677024e+01
7.451144e+01,-6.905278e+01,-7.606253e+01
7.444319e+01,-6.918454e+01,-7.534565e+01
7.436384e+01,-6.931157e+01,-7.461971e+01
7.427402e+01,-6.943258e+01,-7.388478e+01
7.417452e+01,-6.954637e+01,-7.314096e+01
7.406628e+01,-6.965183e+01,-7.238833e+01
7.395035e+01,-6.974798e+01,-7.162699e+01
7.382790e+01,-6.983396e+01,-7.085703e+01
7.370020e+01,-6.990908e+01,-7.007853e+01
7.356857e+01,-6.997278e+01,-6.929160e+01
7.343440e+01,-7.002467e+01,-6.849632e+01
7.329913e+01,-7.006456e+01,-6.769280e+01
7.316420e+01,-7.009237e+01,-6.688113e+01
7.303105e+01,-7.010826e+01,-6.606141e+01
7.290108e+01,-7.011251e+01,-6.523374e+01
7.277566e+01,-7.010560e+01,-6.439821e+01
7.265610e+01,-7.008815e+01,-6.355493e+01
7.254361e+01,-7.006094e+01,-6.270399e+01
7.243931e+01,-7.002488e+01,-6.184551e+01
7.234418e+01,-6.998103e+01,-6.097959e+01
7.225911e+01,-6.993053e+01,-6.010632e+01
7.218480e+01,-6.987464e+01,-5.922581e+01
7.212182e+01,-6.981469e+01,-5.833818e+01
7.207058e+01,-6.975206e+01,-5.744352e+01
7.203130e+01,-6.968818e+01,-5.654195e+01
7.200405e+01,-6.962449e+01,-5.563357e+01
7.198873e+01,-6.956244e+01,-5.471849e+01
7.198503e+01,-6.950342e+01,-5.379682e+01
7.199252e+01,-6.944883e+01,-5.286868e+01
7.201059e+01,-6.939996e+01,-5.193418e+01
7.203847e+01,-6.935804e+01,-5.099342e+01
7.207525e+01,-6.932420e+01,-5.004652e+01
7.211991e+01,-6.929945e+01,-4.909360e+01
7.217130e+01,-6.928466e+01,-4.813476e+01
7.222818e+01,-6.928058e+01,-4.717013e+01
7.228922e+01,-6.928777e+01,-4.619983e+01
7.235305e+01,-6.930667e+01,-4.522396e+01
7.241824e+01,-6.933752e+01,-4.424264e+01
7.248335e+01,-6.938040e+01,-4.325600e+01
7.254694e+01,-6.943522e+01,-4.226416e+01
7.260759e+01,-6.950171e+01,-4.126722e+01
7.266393e+01,-6.957944e+01,-4.026532e+01
7.271463e+01,-6.966781e+01,-3.925857e+01
7.275847e+01,-6.976608e+01,-3.824709e+01
7.279431e+01,-6.987336e+01,-3.723101e+01
7.282112e+01,-6.998863e+01,-3.621044e+01
7.283801e+01,-7.011074e+01,-3.518552e+01
7.284423e+01,-7.023848e+01,-3.415636e+01
7.283919e+01,-7.037052e+01,-3.312309e+01
7.282245e+01,-7.050549e+01,-3.208583e+01
7.279373e+01,-7.064196e+01,-3.104470e+01
7.275295e+01,-7.077851e+01,-2.999985e+01
7.270018e+01,-7.091368e+01,-2.895137e+01
7.263566e+01,-7.104606e+01,-2.789942e+01
7.255982e+01,-7.117426e+01,-2.684410e+01
7.247323e+01,-7.129696e+01,-2.578556e+01
7.237662e+01,-7.141292e+01,-2.472390e+01
7.227087e+01,-7.152099e+01,-2.365928e+01
7.215699e+01,-7.162013e+01,-2.259180e+01
7.203611e+01,-7.170944e+01,-2.152160e+01
7.190943e+01,-7.178814e+01,-2.044882e+01
7.177829e+01,-7.185564e+01,-1.937357e+01
7.164403e+01,-7.191148e+01,-1.829599e+01
7.150808e+01,-7.195536e+01,-1.721620e+01
7.137188e+01,-7.198717e+01,-1.613435e+01
7.123687e+01,-7.200698e+01,-1.505055e+01
7.110447e+01,-7.201502e+01,-1.396494e+01
7.097608e+01,-7.201167e+01,-1.287764e+01
7.085302e+01,-7.199752e+01,-1.178880e+01
7.073654e+01,-7.197326e+01,-1.069854e+01
7.062781e+01,-7.193977e+01,-9.606992e+00
7.052787e+01,-7.189804e+01,-8.514285e+00
7.043764e+01,-7.184918e+01,-7.420554e+00
7.035790e+01,-7.179441e+01,-6.325930e+00
7.028928e+01,-7.173502e+01,-5.230544e+00
7.023225e+01,-7.167239e+01,-4.134528e+00
7.018711e+01,-7.160791e+01,-3.038014e+00
7.015400e+01,-7.154304e+01,-1.941135e+00
7.013287e+01,-7.147921e+01,-8.440222e-01
7.012352e+01,-7.141785e+01,2.531923e-01
7.012555e+01,-7.136035e+01,1.350376e+00
7.013843e+01,-7.130805e+01,2.447398e+00
7.016145e+01,-7.126221e+01,3.544125e+00
7.019376e+01,-7.122401e+01,4.640425e+00
7.023439e+01,-7.119449e+01,5.736167e+00
7.028223e+01,-7.117459e+01,6.831218e+00
7.033607e+01,-7.116511e+01,7.925446e+00
7.039463e+01,-7.116670e+01,9.018721e+00
7.045654e+01,-7.117983e+01,1.011091e+01
7.052040e+01,-7.120484e+01,1.120188e+01
7.058477e+01,-7.124186e+01,1.229150e+01
7.064822e+01,-7.129088e+01,1.337965e+01
7.070929e+01,-7.135170e+01,1.446618e+01
7.076661e+01,-7.142396e+01,1.555097e+01
7.081883e+01,-7.150712e+01,1.663389e+01
7.086468e+01,-7.160050e+01,1.771480e+01
7.090297e+01,-7.170327e+01,1.879359e+01
7.093265e+01,-7.181446e+01,1.987011e+01
7.095275e+01,-7.193298e+01,2.094424e+01
7.096248e+01,-7.205763e+01,2.201584e+01
7.096117e+01,-7.218712e+01,2.308480e+01
7.094831e+01,-7.232012e+01,2.415098e+01
7.092357e+01,-7.245521e+01,2.521425e+01
7.088679e+01,-7.259095e+01,2.627448e+01
7.083796e+01,-7.272592e+01,2.733156e+01
7.077726e+01,-7.285866e+01,2.838534e+01
7.070505e+01,-7.298779e+01,2.943570e+01
7.062184e+01,-7.311194e+01,3.048252e+01
7.052829e+01,-7.322985e+01,3.152567e+01
7.042523e+01,-7.334033e+01,3.256502e+01
7.031361e+01,-7.344229e+01,3.360046e+01
7.019452e+01,-7.353476e+01,3.463185e+01
7.006912e+01,-7.361694e+01,3.565907e+01
6.993871e+01,-7.368813e+01,3.668200e+01
6.980462e+01,-7.374783e+01,3.770051e+01
6.966826e+01,-7.379567e+01,3.871448e+01
6.953105e+01,-7.383147e+01,3.972379e+01
6.939445e+01,-7.385522e+01,4.072832e+01
6.925988e+01,-7.386707e+01,4.172795e+01
6.912876e+01,-7.386737e+01,4.272255e+01
6.900243e+01,-7.385660e+01,4.371201e+01
6.888219e+01,-7.383542e+01,4.469620e+01
6.876923e+01,-7.380464e+01,4.567502e+01
6.866465e+01,-7.376520e+01,4.664834e+01
6.856941e+01,-7.371815e+01,4.761604e+01
6.848437e+01,-7.366469e+01,4.857800e+01
6.841021e+01,-7.360607e+01,4.953412e+01
6.834747e+01,-7.354364e+01,5.048428e+01
6.829652e+01,-7.347879e+01,5.142836e+01
6.825756e+01,-7.341294e+01,5.236625e+01
6.823063e+01,-7.334755e+01,5.329783e+01
6.821557e+01,-7.328405e+01,5.422300e+01
6.821208e+01,-7.322385e+01,5.514164e+01
6.821968e+01,-7.316831e+01,5.605364e+01
6.823772e+01,-7.311873e+01,5.695889e+01
6.826543e+01,-7.307630e+01,5.785728e+01
6.830186e+01,-7.304215e+01,5.874871e+01
6.834596e+01,-7.301726e+01,5.963307e+01
6.839658e+01,-7.300247e+01,6.051025e+01
6.845245e+01,-7.299850e+01,6.138014e+01
6.851224e+01,-7.300590e+01,6.224265e+01
6.857456e+01,-7.302506e+01,6.309766e+01
6.863798e+01,-7.305620e+01,6.394507e+01
6.870105e+01,-7.309936e+01,6.478479e+01
6.876235e+01,-7.315443e+01,6.561670e+01
6.882045e+01,-7.322110e+01,6.644072e+01
6.887400e+01,-7.329892e+01,6.725674e+01
6.892168e+01,-7.338725e+01,6.806466e+01
6.896228e+01,-7.348532e+01,6.886438e+01
6.899469e+01,-7.359223e+01,6.965582e+01
6.901789e+01,-7.370692e+01,7.043887e+01
6.903104e+01,-7.382824e+01,7.121344e+01
6.903339e+01,-7.395495e+01,7.197944e+01
6.902439e+01,-7.408571e+01,7.273677e+01
6.900363e+01,-7.421915e+01,7.348534e+01
6.897086e+01,-7.435383e+01,7.422507e+01
6.892603e+01,-7.448831e+01,7.495586e+01
6.886924e+01,-7.462117e+01,7.567763e+01
6.880078e+01,-7.475096e+01,7.639029e+01
6.872108e+01,-7.487634e+01,7.709375e+01
6.863076e+01,-7.499598e+01,7.778793e+01
6.853057e+01,-7.510866e+01,7.847275e+01
6.842141e+01,-7.521325e+01,7.914811e+01
6.830433e+01,-7.530874e+01,7.981395e+01
6.818045e+01,-7.539424e+01,8.047018e+01
6.805102e+01,-7.546902e+01,8.111673e+01
6.791736e+01,-7.553249e+01,8.175350e+01
6.778084e+01,-7.558424e+01,8.238044e+01
6.764290e+01,-7.562400e+01,8.299745e+01
6.750497e+01,-7.565168e+01,8.360448e+01
6.736850e+01,-7.566740e+01,8.420144e+01
6.723489e+01,-7.567139e+01,8.478826e+01
6.710554e+01,-7.566410e+01,8.536488e+01
6.698176e+01,-7.564611e+01,8.593122e+01
6.686478e+01,-7.561817e+01,8.648721e+01
6.675574e+01,-7.558116e+01,8.703279e+01
6.665567e+01,-7.553611e+01,8.756790e+01
6.656547e+01,-7.548414e+01,8.809246e+01
6.648589e+01,-7.542649e+01,8.860641e+01
6.641752e+01,-7.536447e+01,8.910970e+01
6.636081e+01,-7.529946e+01,8.960226e+01
6.631604e+01,-7.523286e+01,9.008404e+01
6.628330e+01,-7.516613e+01,9.055496e+01
6.626251e+01,-7.510070e+01,9.101499e+01
6.625345e+01,-7.503800e+01,9.146406e+01
6.625568e+01,-7.497941e+01,9.190212e+01
6.626864e+01,-7.492626e+01,9.232911e+01
6.629160e+01,-7.487978e+01,9.274499e+01
6.632369e+01,-7.484114e+01,9.314971e+01
6.636390e+01,-7.481136e+01,9.354320e+01
6.641111e+01,-7.479136e+01,9.392544e+01
6.646409e+01,-7.478191e+01,9.429637e+01
6.652155e+01,-7.478362e+01,9.465595e+01
6.658211e+01,-7.479695e+01,9.500413e+01
6.664435e+01,-7.482218e+01,9.534088e+01
6.670685e+01,-7.485945e+01,9.566614e+01
6.676816e+01,-7.490869e+01,9.597989e+01
6.682684e+01,-7.496967e+01,9.628209e+01
6.688152e+01,-7.504201e+01,9.657269e+01
6.693086e+01,-7.512514e+01,9.685167e+01
6.697360e+01,-7.521834e+01,9.711899e+01
6.700860e+01,-7.532076e+01,9.737461e+01
6.703479e+01,-7.543141e+01,9.761851e+01
6.705125e+01,-7.554918e+01,9.785066e+01
6.705720e+01,-7.567285e+01,9.807103e+01
6.705201e+01,-7.580112e+01,9.827960e+01
6.703521e+01,-7.593264e+01,9.847633e+01
6.700648e+01,-7.606600e+01,9.866120e+01
6.696569e+01,-7.619974e+01,9.883420e+01
6.691288e+01,-7.633244e+01,9.899530e+01
6.684826e+01,-7.646266e+01,9.914448e+01
6.677220e+01,-7.658901e+01,9.928173e+01
6.668526e+01,-7.671016e+01,9.940702e+01
6.658811e+01,-7.682483e+01,9.952035e+01
6.648162e+01,-7.693186e+01,9.962169e+01
6.636676e+01,-7.703018e+01,9.971105e+01
6.624463e+01,-7.711887e+01,9.978839e+01
6.611644e+01,-7.719711e+01,9.985373e+01
6.598346e+01,-7.726427e+01,9.990704e+01
6.584706e+01,-7.731985e+01,9.994832e+01
6.570865e+01,-7.736353e+01,9.997758e+01
6.556966e+01,-7.739515e+01,9.999479e+01
6.543154e+01,-7.741474e+01,9.999997e+01
6.529571e+01,-7.742248e+01,9.999311e+01
6.516358e+01,-7.741874e+01,9.997421e+01
6.503648e+01,-7.740404e+01,9.994328e+01
6.491570e+01,-7.737906e+01,9.990031e+01
6.480241e+01,-7.734465e+01,9.984531e+01
6.469768e+01,-7.730175e+01,9.977830e+01
6.460247e+01,-7.725146e+01,9.969927e+01
6.451759e+01,-7.719498e+01,9.960824e+01
6.444370e+01,-7.713358e+01,9.950522e+01
6.438131e+01,-7.706861e+01,9.939022e+01
6.433076e+01,-7.700149e+01,9.926326e+01
6.429222e+01,-7.693363e+01,9.912434e+01
6.426570e+01,-7.686649e+01,9.897349e+01
6.425101e+01,-7.680150e+01,9.881073e+01
6.424781e+01,-7.674006e+01,9.863607e+01
6.425559e+01,-7.668352e+01,9.844953e+01
6.427369e+01,-7.663316e+01,9.825114e+01
6.430129e+01,-7.659017e+01,9.804093e+01
6.433744e+01,-7.655565e+01,9.781891e+01
6.438105e+01,-7.653054e+01,9.758511e+01
6.443096e+01,-7.651568e+01,9.733957e+01
6.448588e+01,-7.651175e+01,9.708231e+01
6.454447e+01,-7.651928e+01,9.681336e+01
6.460534e+01,-7.653861e+01,9.653275e+01
6.466704e+01,-7.656995e+01,9.624053e+01
6.472814e+01,-7.661330e+01,9.593671e+01
6.478720e+01,-7.666851e+01,9.562135e+01
6.484281e+01,-7.673525e+01,9.529448e+01
6.489362e+01,-7.681303e+01,9.495613e+01
6.493835e+01,-7.690119e+01,9.460635e+01
6.497578e+01,-7.699894e+01,9.424519e+01
6.500482e+01,-7.710534e+01,9.387267e+01
6.502450e+01,-7.721933e+01,9.348886e+01
6.503397e+01,-7.733972e+01,9.309379e+01
6.503254e+01,-7.746526e+01,9.268751e+01
6.501967e+01,-7.759461e+01,9.227007e+01
6.499498e+01,-7.772637e+01,9.184153e+01
6.495827e+01,-7.785911e+01,9.140193e+01
6.490950e+01,-7.799139e+01,9.095132e+01
6.484881e+01,-7.812178e+01,9.048977e+01
6.477651e+01,-7.824886e+01,9.001732e+01
6.469308e+01,-7.837127e+01,8.953403e+01
6.459915e+01,-7.848772e+01,8.903997e+01
6.449552e+01,-7.859699e+01,8.853518e+01
6.438310e+01,-7.869797e+01,8.801974e+01
6.426294e+01,-7.878968e+01,8.749370e+01
6.413622e+01,-7.887126e+01,8.695713e+01
6.400418e+01,-7.894200e+01,8.641009e+01
6.386816e+01,-7.900134e+01,8.585264e+01
6.372954e+01,-7.904889e+01,8.528486e+01
6.358976e+01,-7.908442e+01,8.470682e+01
6.345025e+01,-7.910789e+01,8.411857e+01
6.331246e+01,-7.911942e+01,8.352020e+01
6.317780e+01,-7.911929e+01,8.291177e+01
6.304764e+01,-7.910798e+01,8.229337e+01
6.292328e+01,-7.908609e+01,8.166505e+01
6.280593e+01,-7.905440e+01,8.102690e+01
6.269673e+01,-7.901382e+01,8.037900e+01
6.259668e+01,-7.896539e+01,7.972142e+01
6.250663e+01,-7.891026e+01,7.905425e+01
6.242733e+01,-7.884968e+01,7.837755e+01
6.235934e+01,-7.878498e+01,7.769142e+01
6.230307e+01,-7.871754e+01,7.699594e+01
6.225876e+01,-7.864878e+01,7.629119e+01
6.222649e+01,-7.858014e+01,7.557725e+01
6.220615e+01,-7.851307e+01,7.485422e+01
6.219746e+01,-7.844898e+01,7.412217e+01
6.219998e+01,-7.838925e+01,7.338120e+01
6.221311e+01,-7.833519e+01,7.263139e+01
6.223609e+01,-7.828802e+01,7.187284e+01
6.226802e+01,-7.824888e+01,7.110564e+01
6.230787e+01,-7.821878e+01,7.032988e+01
6.235452e+01,-7.819861e+01,6.954565e+01
6.240670e+01,-7.818911e+01,6.875305e+01
6.246312e+01,-7.819087e+01,6.795217e+01
6.252238e+01,-7.820431e+01,6.714311e+01
6.258308e+01,-7.822969e+01,6.632597e+01
6.264375e+01,-7.826710e+01,6.550084e+01
6.270298e+01,-7.831646e+01,6.466783e+01
6.275933e+01,-7.837750e+01,6.382703e+01
6.281143e+01,-7.844980e+01,6.297855e+01
6.285795e+01,-7.853278e+01,6.212249e+01
6.289767e+01,-7.862568e+01,6.125894e+01
6.292943e+01,-7.872763e+01,6.038803e+01
6.295221e+01,-7.883761e+01,5.950984e+01
6.296511e+01,-7.895450e+01,5.862448e+01
6.296738e+01,-7.907705e+01,5.773207e+01
6.295840e+01,-7.920397e+01,5.683271e+01
6.293774e+01,-7.933388e+01,5.592651e+01
6.290513e+01,-7.946535e+01,5.501358e+01
6.286044e+01,-7.959696e+01,5.409402e+01
6.280377e+01,-7.972725e+01,5.316795e+01
6.273533e+01,-7.985481e+01,5.223548e+01
6.265555e+01,-7.997825e+01,5.129672e+01
6.256500e+01,-8.009625e+01,5.035178e+01
6.246440e+01,-8.020755e+01,4.940078e+01
6.235462e+01,-8.031100e+01,4.844384e+01
6.223666e+01,-8.040557e+01,4.748106e+01
6.211165e+01,-8.049035e+01,4.651257e+01
6.198079e+01,-8.056455e+01,4.553847e+01
6.184541e+01,-8.062757e+01,4.455890e+01
6.170685e+01,-8.067893e+01,4.357396e+01
6.156655e+01,-8.071835e+01,4.258377e+01
6.142593e+01,-8.074570e+01,4.158846e+01
6.128644e+01,-8.076104e+01,4.058814e+01
6.114950e+01,-8.076458e+01,3.958294e+01
6.101652e+01,-8.075673e+01,3.857297e+01
6.088880e+01,-8.073803e+01,3.755835e+01
6.076763e+01,-8.070920e+01,3.653922e+01
6.065415e+01,-8.067109e+01,3.551568e+01
6.054941e+01,-8.062469e+01,3.448787e+01
6.045436e+01,-8.057110e+01,3.345591e+01
6.036976e+01,-8.051155e+01,3.241992e+01
6.029627e+01,-8.044732e+01,3.138003e+01
6.023435e+01,-8.037978e+01,3.033636e+01
6.018431e+01,-8.031033e+01,2.928903e+01
6.014630e+01,-8.024042e+01,2.823818e+01
6.012029e+01,-8.017149e+01,2.718394e+01
6.010606e+01,-8.010496e+01,2.612641e+01
6.010324e+01,-8.004223e+01,2.506575e+01
6.011130e+01,-7.998465e+01,2.400206e+01
6.012953e+01,-7.993347e+01,2.293549e+01
6.015711e+01,-7.988986e+01,2.186615e+01
6.019304e+01,-7.985490e+01,2.079419e+01
6.023623e+01,-7.982952e+01,1.971972e+01
6.028549e+01,-7.981452e+01,1.864287e+01
6.033953e+01,-7.981056e+01,1.756378e+01
6.039699e+01,-7.981813e+01,1.648258e+01
6.045645e+01,-7.983756e+01,1.539939e+01
6.051650e+01,-7.986900e+01,1.431435e+01
6.057568e+01,-7.991244e+01,1.322758e+01
6.063257e+01,-7.996769e+01,1.213922e+01
6.068575e+01,-8.003439e+01,1.104940e+01
6.073390e+01,-8.011202e+01,9.958254e+00
6.077573e+01,-8.019991e+01,8.865906e+00
6.081006e+01,-8.029722e+01,7.772490e+00
6.083582e+01,-8.040299e+01,6.678139e+00
6.085205e+01,-8.051614e+01,5.582983e+00
6.085794e+01,-8.063547e+01,4.487156e+00
6.085282e+01,-8.075971e+01,3.390788e+00
6.083617e+01,-8.088750e+01,2.294012e+00
6.080766e+01,-8.101744e+01,1.196959e+00
6.076711e+01,-8.114811e+01,9.976320e-02
6.071451e+01,-8.127805e+01,-9.974451e-01
6.065004e+01,-8.140584e+01,-2.094533e+00
6.057403e+01,-8.153007e+01,-3.191369e+00
6.048700e+01,-8.164938e+01,-4.287821e+00
6.038960e+01,-8.176250e+01,-5.383757e+00
6.028266e+01,-8.186823e+01,-6.479044e+00
6.016711e+01,-8.196549e+01,-7.573552e+00
6.004404e+01,-8.205331e+01,-8.667148e+00
5.991462e+01,-8.213085e+01,-9.759700e+00
5.978012e+01,-8.219744e+01,-1.085108e+01
5.964190e+01,-8.225254e+01,-1.194115e+01
5.950133e+01,-8.229581e+01,-1.302978e+01
5.935987e+01,-8.232703e+01,-1.411685e+01
5.921895e+01,-8.234620e+01,-1.520221e+01
5.908000e+01,-8.235346e+01,-1.628575e+01
5.894443e+01,-8.234914e+01,-1.736732e+01
5.881361e+01,-8.233373e+01,-1.844680e+01
5.868882e+01,-8.230788e+01,-1.952407e+01
5.857126e+01,-8.227238e+01,-2.059898e+01
5.846204e+01,-8.222817e+01,-2.167141e+01
5.836213e+01,-8.217631e+01,-2.274124e+01
5.827238e+01,-8.211798e+01,-2.380832e+01
5.819349e+01,-8.205443e+01,-2.487254e+01
5.812599e+01,-8.198700e+01,-2.593377e+01
5.807028e+01,-8.191709e+01,-2.699187e+01
5.802656e+01,-8.184613e+01,-2.804672e+01
5.799486e+01,-8.177555e+01,-2.909820e+01
5.797506e+01,-8.170679e+01,-3.014617e+01
5.796684e+01,-8.164128e+01,-3.119052e+01
5.796974e+01,-8.158036e+01,-3.223111e+01
5.798312e+01,-8.152534e+01,-3.326782e+01
5.800619e+01,-8.147743e+01,-3.430052e+01
5.803804e+01,-8.143774e+01,-3.532909e+01
5.807762e+01,-8.140726e+01,-3.635342e+01
5.812377e+01,-8.138686e+01,-3.737336e+01
5.817522e+01,-8.137724e+01,-3.838881e+01
5.823066e+01,-8.137897e+01,-3.939963e+01
5.828870e+01,-8.139244e+01,-4.040571e+01
5.834789e+01,-8.141789e+01,-4.140693e+01
5.840682e+01,-8.145536e+01,-4.240316e+01
5.846403e+01,-8.150474e+01,-4.339429e+01
5.851811e+01,-8.156573e+01,-4.438019e+01
5.856769e+01,-8.163789e+01,-4.536075e+01
5.861147e+01,-8.172060e+01,-4.633585e+01
5.864822e+01,-8.181309e+01,-4.730537e+01
5.867683e+01,-8.191445e+01,-4.826919e+01
5.869628e+01,-8.202364e+01,-4.922720e+01
5.870571e+01,-8.213951e+01,-5.017929e+01
5.870438e+01,-8.226082e+01,-5.112534e+01
5.869171e+01,-8.238625e+01,-5.206523e+01
5.866730e+01,-8.251440e+01,-5.299885e+01
5.863091e+01,-8.264387e+01,-5.392610e+01
5.858244e+01,-8.277320e+01,-5.484685e+01
5.852202e+01,-8.290096e+01,-5.576100e+01
5.844990e+01,-8.302572e+01,-5.666843e+01
5.836653e+01,-8.314612e+01,-5.756904e+01
5.827250e+01,-8.326084e+01,-5.846273e+01
5.816858e+01,-8.336865e+01,-5.934937e+01
5.805565e+01,-8.346841e+01,-6.022887e+01
5.793475e+01,-8.355911e+01,-6.110112e+01
5.780700e+01,-8.363986e+01,-6.196601e+01
5.767365e+01,-8.370991e+01,-6.282344e+01
5.753601e+01,-8.376868e+01,-6.367331e+01
5.739546e+01,-8.381573e+01,-6.451551e+01
5.725342e+01,-8.385080e+01,-6.534995e+01
5.711133e+01,-8.387380e+01,-6.617652e+01
5.697063e+01,-8.388481e+01,-6.699512e+01
5.683274e+01,-8.388409e+01,-6.780565e+01
5.669905e+01,-8.387206e+01,-6.860803e+01
5.657088e+01,-8.384930e+01,-6.940214e+01
5.644946e+01,-8.381655e+01,-7.018790e+01
5.633594e+01,-8.377469e+01,-7.096521e+01
5.623134e+01,-8.372473e+01,-7.173397e+01
5.613658e+01,-8.366781e+01,-7.249410e+01
5.605240e+01,-8.360514e+01,-7.324550e+01
5.597943e+01,-8.353805e+01,-7.398809e+01
5.591810e+01,-8.346789e+01,-7.472176e+01
5.586870e+01,-8.339609e+01,-7.544644e+01
5.583133e+01,-8.332409e+01,-7.616204e+01
5.580593e+01,-8.325332e+01,-7.686847e+01
5.579226e+01,-8.318522e+01,-7.756564e+01
5.578992e+01,-8.312117e+01,-7.825348e+01
5.579834e+01,-8.306249e+01,-7.893190e+01
5.581679e+01,-8.301044e+01,-7.960081e+01
5.584442e+01,-8.296617e+01,-8.026014e+01
5.588021e+01,-8.293072e+01,-8.090981e+01
5.592306e+01,-8.290501e+01,-8.154973e+01
5.597174e+01,-8.288981e+01,-8.217984e+01
5.602496e+01,-8.288575e+01,-8.280006e+01
5.608135e+01,-8.289329e+01,-8.341031e+01
5.613949e+01,-8.291272e+01,-8.401051e+01
5.619794e+01,-8.294419e+01,-8.460060e+01
5.625527e+01,-8.298762e+01,-8.518051e+01
5.631004e+01,-8.304282e+01,-8.575016e+01
5.636087e+01,-8.310938e+01,-8.630949e+01
5.640642e+01,-8.318677e+01,-8.685843e+01
5.644543e+01,-8.327426e+01,-8.739691e+01
5.647675e+01,-8.337101e+01,-8.792487e+01
5.649930e+01,-8.347603e+01,-8.844224e+01
5.651217e+01,-8.358822e+01,-8.894897e+01
5.651456e+01,-8.370636e+01,-8.944499e+01
5.650584e+01,-8.382917e+01,-8.993024e+01
5.648552e+01,-8.395528e+01,-9.040466e+01
5.645330e+01,-8.408328e+01,-9.086820e+01
5.640901e+01,-8.421174e+01,-9.132080e+01
5.635271e+01,-8.433921e+01,-9.176241e+01
5.628458e+01,-8.446426e+01,-9.219297e+01
5.620499e+01,-8.458551e+01,-9.261243e+01
5.611450e+01,-8.470160e+01,-9.302074e+01
5.601377e+01,-8.481127e+01,-9.341785e+01
5.590367e+01,-8.491335e+01,-9.380372e+01
5.578515e+01,-8.500676e+01,-9.417829e+01
5.565931e+01,-8.509057e+01,-9.454152e+01
5.552735e+01,-8.516397e+01,-9.489337e+01
5.539055e+01,-8.522631e+01,-9.523380e+01
5.525028e+01,-8.527709e+01,-9.556277e+01
5.510793e+01,-8.531597e+01,-9.588023e+01
5.496495e+01,-8.534280e+01,-9.618614e+01
5.482276e+01,-8.535758e+01,-9.648048e+01
5.468282e+01,-8.536051e+01,-9.676320e+01
5.454651e+01,-8.535193e+01,-9.703427e+01
5.441519e+01,-8.533237e+01,-9.729366e+01
5.429012e+01,-8.530249e+01,-9.754134e+01
5.417250e+01,-8.526314e+01,-9.777727e+01
5.406340e+01,-8.521525e+01,-9.800143e+01
5.396378e+01,-8.515992e+01,-9.821380e+01
5.387446e+01,-8.509834e+01,-9.841434e+01
5.379611e+01,-8.503178e+01,-9.860303e+01
5.372924e+01,-8.496160e+01,-9.877985e+01
5.367420e+01,-8.488919e+01,-9.894478e+01
5.363118e+01,-8.481598e+01,-9.909780e+01
5.360017e+01,-8.474342e+01,-9.923888e+01
5.358101e+01,-8.467295e+01,-9.936802e+01
5.357337e+01,-8.460597e+01,-9.948520e+01
5.357673e+01,-8.454382e+01,-9.959040e+01
5.359045e+01,-8.448781e+01,-9.968361e+01
5.361371e+01,-8.443911e+01,-9.976482e+01
5.364556e+01,-8.439882e+01,-9.983402e+01
5.368493e+01,-8.436791e+01,-9.989120e+01
